sep=;
ACCELEROMETER X (m/s²);ACCELEROMETER Y (m/s²);ACCELEROMETER Z (m/s²);GRAVITY X (m/s²);GRAVITY Y (m/s²);GRAVITY Z (m/s²);LINEAR ACCELERATION X (m/s²);LINEAR ACCELERATION Y (m/s²);LINEAR ACCELERATION Z (m/s²);GYROSCOPE X (rad/s);GYROSCOPE Y (rad/s);GYROSCOPE Z (rad/s);LIGHT (lux);MAGNETIC FIELD X (μT);MAGNETIC FIELD Y (μT);MAGNETIC FIELD Z (μT);ORIENTATION Z (azimuth °);ORIENTATION X (pitch °);ORIENTATION Y (roll °);PROXIMITY (m);SOUND LEVEL (dB);LOCATION Latitude : ;LOCATION Longitude : ;LOCATION Altitude ( m);LOCATION Altitude-google ( m);LOCATION Speed ( Kmh);LOCATION Accuracy ( m);LOCATION ORIENTATION (°);Satellites in range;Time since start in ms ;YYYY-MO-DD HH-MI-SS_SSS
-13.545;11.178;5.471;6.134;7.101;2.854;6.547;-4.159;-1.526;-0.18;-1.847;-0.213;355.0;-8.5;-44.0;9.6;156.2;-46.4;-65.0;0.0;56.09;39.46897;-0.34098;69.4;NaN;;14.059;;0 / 28;13;2021-10-27 16:52:01:415
-3.896;13.095;-16.937;5.033;0.192;-8.413;-2.555;5.451;19.307;0.593;1.692;-1.748;355.0;-8.2;-42.4;11.9;188.5;-6.2;-171.2;0.0;56.09;39.46897;-0.34098;69.4;NaN;;14.059;;0 / 28;62;2021-10-27 16:52:01:464
3.298;-4.859;1.031;-6.723;-3.788;6.053;-10.906;15.534;-8.417;0.593;1.692;-1.748;355.0;-8.3;-43.0;10.8;195.4;44.4;62.7;0.0;56.09;39.46897;-0.34098;69.4;NaN;;14.059;;0 / 28;113;2021-10-27 16:52:01:515
-8.782;22.117;-6.532;9.275;3.194;-0.096;4.326;-17.899;5.44;0.593;1.692;-1.748;355.0;-9.2;-42.7;11.1;167.0;6.7;-8.9;0.0;56.09;39.46897;-0.34098;69.4;NaN;;14.059;;0 / 28;163;2021-10-27 16:52:01:565
7.566;13.042;-3.398;8.95;-3.931;-0.776;-10.532;-7.109;0.251;0.393;-1.089;2.368;355.0;-13.0;-41.3;10.8;167.2;23.6;-95.0;0.0;56.09;39.46897;-0.34098;69.4;NaN;;14.059;;0 / 28;213;2021-10-27 16:52:01:615
0.337;8.322;-2.441;8.887;-1.695;-3.788;-3.844;1.242;1.975;0.4;-3.565;2.566;355.0;-16.6;-39.8;11.5;172.5;4.7;-107.3;0.0;63.32;39.46897;-0.34098;69.4;NaN;;14.059;;0 / 28;263;2021-10-27 16:52:01:665
-0.088;3.667;0.138;9.783;-0.488;0.517;-2.664;6.426;-1.449;0.305;-0.339;1.703;355.0;-20.3;-38.0;11.5;176.1;-32.3;-116.3;0.0;63.32;39.46897;-0.34098;69.4;NaN;;14.059;;0 / 28;313;2021-10-27 16:52:01:715
2.623;18.289;-0.564;9.773;-0.747;0.33;-1.191;-0.18;-4.457;0.368;-0.357;2.021;280.0;-21.2;-36.8;12.8;154.4;-1.5;-68.2;0.0;63.32;39.46897;-0.34098;69.4;NaN;;14.059;;0 / 28;362;2021-10-27 16:52:01:764
0.562;17.054;-0.301;9.792;-0.512;0.139;-2.16;-8.755;-1.544;-0.186;0.193;0.669;280.0;-20.0;-34.4;17.9;152.4;3.0;-89.2;0.0;63.32;39.46897;-0.34098;69.4;NaN;;14.059;;0 / 28;412;2021-10-27 16:52:01:814
-1.244;13.174;-8.224;8.203;0.781;-5.315;0.373;-3.644;7.649;-0.156;0.068;0.502;280.0;-19.4;-33.1;21.2;159.0;-2.0;-112.1;0.0;63.32;39.46897;-0.34098;69.4;NaN;;14.059;;0 / 28;462;2021-10-27 16:52:01:864
1.675;8.858;-7.367;7.604;-1.398;-6.029;-2.0;-1.91;7.78;0.992;0.949;0.249;280.0;-19.4;-29.2;25.3;165.5;2.8;-125.8;0.0;63.32;39.46897;-0.34098;69.4;NaN;;14.059;;0 / 28;513;2021-10-27 16:52:01:915
0.696;2.692;-7.997;3.467;-1.46;-9.06;-1.324;5.716;7.239;1.68;1.393;0.106;280.0;-20.4;-27.0;26.9;188.4;0.6;-149.8;0.0;63.32;39.46897;-0.34098;69.4;NaN;;14.059;;0 / 28;563;2021-10-27 16:52:01:965
0.067;-2.649;-3.576;-6.153;-0.215;-7.638;0.476;11.888;1.542;2.89;3.264;-1.496;280.0;-21.5;-25.6;27.1;210.8;-3.7;-167.1;0.0;64.53;39.46897;-0.34098;69.4;NaN;;14.059;;0 / 28;612;2021-10-27 16:52:02:014
2.508;0.447;1.005;-1.767;-8.935;-3.63;-1.164;10.587;-2.949;3.469;3.763;-2.601;280.0;-21.9;-26.3;26.5;233.3;65.7;154.0;0.0;64.53;39.46897;-0.34098;69.4;NaN;;14.059;;0 / 28;662;2021-10-27 16:52:02:064
-2.048;2.69;-1.517;7.853;2.102;5.492;-1.529;4.265;-9.505;4.067;3.514;-3.492;7.0;-20.5;-27.8;25.6;128.2;8.3;-41.3;0.0;64.53;39.46897;-0.34098;69.4;NaN;;14.059;;0 / 28;712;2021-10-27 16:52:02:114
4.32;16.437;1.728;5.598;-5.713;5.679;-4.258;7.532;-2.945;3.646;1.873;-2.959;7.0;-19.4;-28.1;26.5;212.1;-23.6;-156.7;0.0;64.53;39.46897;-0.34098;69.4;NaN;;14.059;;0 / 28;763;2021-10-27 16:52:02:165
4.322;15.958;-1.036;7.173;0.589;6.661;4.554;-11.147;-31.686;-3.72;-4.788;1.973;7.0;-18.1;-28.4;26.4;142.6;10.3;-97.8;0.0;64.53;39.46897;-0.34098;69.4;NaN;;14.059;;0 / 28;812;2021-10-27 16:52:02:214
-0.976;14.816;0.157;9.792;0.522;0.201;-1.683;-3.018;0.31;-1.785;-2.824;1.81;7.0;-16.8;-29.5;25.7;136.8;-3.1;-88.8;0.0;64.53;39.46897;-0.34098;69.4;NaN;;14.059;;0 / 28;863;2021-10-27 16:52:02:265
-3.932;14.962;-2.704;9.361;2.308;-1.8;2.446;-10.026;-1.33;-1.658;-2.693;1.675;7.0;-16.6;-31.1;24.2;139.3;-7.9;-95.5;0.0;60.43;39.46897;-0.34098;69.4;NaN;;14.059;;0 / 28;913;2021-10-27 16:52:02:315
0.0;11.156;-1.639;9.725;-0.024;-1.274;0.905;-3.793;-0.375;-0.313;-1.217;0.994;7.0;-16.7;-32.4;23.0;143.2;-12.4;-102.2;0.0;60.43;39.46897;-0.34098;69.4;NaN;;14.059;;0 / 28;962;2021-10-27 16:52:02:364
-3.413;1.594;-4.464;2.5;6.311;-7.077;1.371;5.845;2.68;-0.306;-0.641;0.254;45.0;-17.4;-33.5;21.2;154.4;-4.1;-109.7;0.0;60.43;39.46897;-0.34098;69.4;NaN;;14.059;;0 / 28;1013;2021-10-27 16:52:02:415
-0.062;2.364;1.608;9.495;-1.283;2.097;-1.59;6.77;-4.974;-0.116;0.422;-0.634;45.0;-19.1;-33.7;19.3;142.1;-16.6;-34.6;0.0;60.43;39.46897;-0.34098;69.4;NaN;;14.059;;0 / 28;1063;2021-10-27 16:52:02:465
3.789;3.142;3.927;5.21;-6.048;5.698;-4.467;7.447;-5.012;0.091;0.805;-0.203;45.0;-20.3;-33.4;18.8;179.1;42.3;-132.1;0.0;60.43;39.46897;-0.34098;69.4;NaN;;14.059;;0 / 28;1113;2021-10-27 16:52:02:515
1.227;16.36;1.586;9.735;-0.608;0.996;-3.044;-5.737;-3.138;-2.053;-2.704;1.92;45.0;-20.8;-32.3;19.3;142.2;32.0;-64.7;0.0;60.43;39.46897;-0.34098;69.4;NaN;;14.059;;0 / 28;1163;2021-10-27 16:52:02:565
1.89;23.151;0.363;9.759;-0.742;0.594;-3.047;-11.614;-5.302;-1.993;-2.199;1.542;45.0;-22.1;-31.3;20.6;143.3;2.0;-76.8;0.0;60.43;39.46897;-0.34098;69.4;NaN;;14.059;;0 / 28;1213;2021-10-27 16:52:02:615
2.068;21.243;-4.629;9.486;0.421;-2.447;-0.015;-18.219;10.274;-0.124;-0.063;0.735;45.0;-24.6;-28.4;23.2;149.0;-2.5;-104.5;0.0;59.8;39.46897;-0.34098;69.4;NaN;;14.059;;0 / 28;1263;2021-10-27 16:52:02:665
0.926;5.361;-8.164;4.061;-1.915;-8.72;-1.757;2.804;7.999;0.563;0.764;0.377;45.0;-25.9;-25.7;24.3;176.8;11.2;-129.8;0.0;59.8;39.46897;-0.34098;69.4;NaN;;14.059;;0 / 28;1313;2021-10-27 16:52:02:715
0.232;-4.279;-7.712;-5.282;-0.23;-8.26;-1.038;10.411;6.073;2.243;2.443;-0.385;31.0;-27.8;-22.8;24.4;224.6;8.9;-178.4;0.0;59.8;39.46897;-0.34098;69.4;NaN;;14.059;;0 / 28;1363;2021-10-27 16:52:02:765
0.926;-2.86;4.236;-7.762;-0.484;5.976;-1.484;15.692;-5.282;2.243;2.443;-0.385;31.0;-27.3;-21.8;24.8;237.8;-0.6;121.8;0.0;59.8;39.46897;-0.34098;69.4;NaN;;14.059;;0 / 28;1412;2021-10-27 16:52:02:814
-0.301;8.662;1.534;9.692;1.47;-0.22;-0.776;-1.796;-7.659;2.243;2.443;-0.385;31.0;-24.8;-22.1;25.0;129.0;9.4;-75.6;0.0;59.8;39.46897;-0.34098;69.4;NaN;;14.059;;0 / 28;1463;2021-10-27 16:52:02:865
-3.212;-11.671;22.478;-6.177;-2.174;7.298;2.875;14.7;11.949;5.174;0.852;-3.88;31.0;-22.5;-23.2;25.1;235.4;-12.3;169.2;0.0;59.8;39.46897;-0.34098;69.4;NaN;;14.059;;0 / 28;1513;2021-10-27 16:52:02:915
-8.873;29.384;30.19;9.5;0.029;2.423;7.902;-24.639;-38.357;-5.662;-4.681;3.128;31.0;-18.5;-24.3;26.4;148.0;17.3;-106.5;0.0;61.6;39.46897;-0.34098;69.4;NaN;;14.059;;0 / 28;1563;2021-10-27 16:52:02:965
0.689;9.505;-5.529;9.17;-0.244;-3.472;-3.069;-3.026;-1.754;-3.321;-3.062;2.933;31.0;-16.3;-24.9;26.3;130.3;-0.2;-75.7;0.0;61.6;39.46897;-0.34098;69.4;NaN;;14.059;;0 / 28;1612;2021-10-27 16:52:03:014
-6.639;18.948;-1.385;9.179;3.309;-0.972;4.198;-13.123;-6.226;-3.155;-3.388;2.232;31.0;-13.3;-26.5;25.4;130.0;-16.9;-87.5;0.0;61.6;39.46897;-0.34098;69.4;NaN;;14.059;;0 / 28;1662;2021-10-27 16:52:03:064
0.16;10.563;-1.716;9.582;-0.373;-2.049;-2.168;-3.116;-1.6;-2.339;-2.695;1.176;37.0;-12.2;-28.8;21.8;141.9;-10.5;-104.5;0.0;61.6;39.46897;-0.34098;69.4;NaN;;14.059;;0 / 28;1713;2021-10-27 16:52:03:115
-2.149;4.246;-4.085;6.345;3.414;-6.656;0.233;3.656;0.396;-0.982;-1.364;0.587;37.0;-12.7;-30.3;19.4;140.8;-22.1;-103.7;0.0;61.6;39.46897;-0.34098;69.4;NaN;;14.059;;0 / 28;1763;2021-10-27 16:52:03:165
-2.36;0.485;0.162;1.662;9.663;0.062;0.301;7.601;-3.579;-0.705;-0.529;-0.114;37.0;-14.4;-30.7;15.7;64.3;-80.2;-87.9;0.0;61.6;39.46897;-0.34098;69.4;NaN;;14.059;;0 / 28;1813;2021-10-27 16:52:03:215
2.252;0.682;2.257;1.978;-7.116;6.455;-4.959;7.872;-5.75;-0.398;0.537;-0.392;37.0;-15.3;-30.3;14.0;133.4;41.3;-25.6;0.0;63.04;39.46897;-0.34098;69.4;NaN;;14.059;;0 / 28;1862;2021-10-27 16:52:03:264
1.756;15.391;2.786;9.639;-0.69;1.681;-5.575;2.407;-3.09;-0.987;-1.059;1.569;37.0;-15.8;-29.7;14.0;153.5;31.3;-81.1;0.0;63.04;39.46897;-0.34098;69.4;NaN;;14.059;;0 / 28;1912;2021-10-27 16:52:03:314
-0.052;20.496;1.05;9.807;-0.129;0.177;-2.072;-10.749;-2.166;-1.551;-1.875;1.704;37.0;-15.9;-28.6;16.0;152.4;5.4;-86.9;0.0;63.04;39.46897;-0.34098;69.4;NaN;;14.059;;0 / 28;1962;2021-10-27 16:52:03:364
-1.484;21.983;-8.234;9.088;0.508;-3.649;0.086;-14.629;3.697;-0.705;-0.673;1.216;69.0;-17.3;-25.9;20.4;153.7;-3.0;-111.9;0.0;63.04;39.46897;-0.34098;69.4;NaN;;14.059;;0 / 28;2013;2021-10-27 16:52:03:415
0.44;9.414;-10.532;6.311;-0.316;-7.499;-1.066;-2.062;9.789;-0.2;0.144;0.836;69.0;-19.4;-23.6;22.7;179.4;1.8;-139.9;0.0;63.04;39.46897;-0.34098;69.4;NaN;;14.059;;0 / 28;2062;2021-10-27 16:52:03:464
1.84;-1.984;-4.94;-2.188;-3.328;-8.959;-2.713;8.729;5.63;-0.2;0.144;0.836;69.0;-23.0;-20.4;24.7;205.9;8.3;-160.3;0.0;63.04;39.46897;-0.34098;69.4;NaN;;14.059;;0 / 28;2113;2021-10-27 16:52:03:515
1.752;-4.727;2.599;-9.261;-3.103;0.891;-2.7;15.156;-3.844;-0.2;0.144;0.836;69.0;-25.0;-20.4;24.2;242.1;17.5;127.8;0.0;63.04;39.46897;-0.34098;69.4;NaN;;14.059;;0 / 28;2163;2021-10-27 16:52:03:565
1.165;6.103;2.46;9.424;-1.058;2.5;-4.86;5.718;-11.462;-0.2;0.144;0.836;69.0;-25.4;-22.0;22.7;113.1;28.0;-20.5;0.0;60.63;39.46897;-0.34098;69.4;NaN;;14.059;;0 / 28;2213;2021-10-27 16:52:03:615
-5.95;-0.897;-24.209;0.292;2.591;-9.452;5.232;1.341;8.329;1.826;2.912;-1.452;69.0;-23.9;-23.6;21.8;61.2;-47.8;-111.6;0.0;60.63;39.46897;-0.34098;69.4;NaN;;14.059;;0 / 28;2263;2021-10-27 16:52:03:665
-14.51;22.246;7.097;7.724;1.346;-5.89;-9.816;-8.887;-3.253;-6.044;-6.39;4.706;69.0;-20.3;-25.2;22.3;129.8;35.0;-60.0;0.0;60.63;39.46897;-0.34098;69.4;NaN;;14.059;;0 / 28;2313;2021-10-27 16:52:03:715
-0.102;10.914;-5.651;8.164;0.072;-5.43;-2.064;-2.766;5.39;-3.158;-4.006;1.648;0.0;-18.0;-26.2;22.3;131.2;-6.8;-70.0;0.0;60.63;39.46897;-0.34098;69.4;NaN;;14.059;;0 / 28;2363;2021-10-27 16:52:03:765
-3.805;21.198;0.445;9.615;1.935;0.115;-1.055;-11.18;-0.474;-1.276;-2.33;1.376;0.0;-16.1;-27.4;22.2;144.7;-0.6;-99.3;0.0;60.63;39.46897;-0.34098;69.4;NaN;;14.059;;0 / 28;2413;2021-10-27 16:52:03:815
-0.689;12.973;-2.108;9.697;0.46;-1.398;-1.126;-3.672;0.493;-0.651;-1.674;0.438;0.0;-14.9;-30.2;20.0;149.8;-10.9;-106.5;0.0;60.63;39.46897;-0.34098;69.4;NaN;;14.059;;0 / 28;2463;2021-10-27 16:52:03:865
-4.567;3.947;-2.197;5.583;7.135;-3.754;1.864;2.688;-0.905;0.094;-0.871;0.48;0.0;-14.8;-32.4;18.3;143.7;-22.4;-97.4;0.0;63.1;39.46897;-0.34098;69.4;NaN;;14.059;;0 / 28;2513;2021-10-27 16:52:03:915
-1.438;3.099;1.156;8.236;4.793;2.308;-0.461;4.957;-2.746;-0.099;-0.282;-0.429;0.0;-15.2;-33.4;17.0;166.5;-42.1;-135.0;0.0;63.1;39.46897;-0.34098;69.4;NaN;;14.059;;0 / 28;2563;2021-10-27 16:52:03:965
2.745;0.351;2.58;0.867;-7.465;6.302;-1.461;8.987;-3.731;-0.071;0.337;-0.885;0.0;-15.3;-34.1;16.0;141.8;-29.3;-74.3;0.0;63.1;39.46897;-0.34098;69.4;NaN;;14.059;;0 / 28;2613;2021-10-27 16:52:04:015
4.792;9.61;-1.445;8.935;-3.879;-1.154;-6.482;2.958;-0.838;-0.313;-0.768;1.166;0.0;-15.4;-33.8;16.2;159.0;38.8;-96.4;0.0;63.1;39.46897;-0.34098;69.4;NaN;;14.059;;0 / 28;2662;2021-10-27 16:52:04:064
1.943;24.81;1.79;9.783;-0.618;0.239;-3.044;-15.853;-4.989;-1.453;-2.992;1.854;60.0;-15.2;-32.9;17.7;148.3;1.7;-78.6;0.0;63.1;39.46897;-0.34098;69.4;NaN;;14.059;;0 / 28;2713;2021-10-27 16:52:04:115
-2.166;26.198;-7.664;9.328;0.876;-2.902;0.959;-16.723;6.83;-0.964;-2.245;1.52;60.0;-15.6;-29.8;21.9;147.9;6.3;-88.8;0.0;63.1;39.46897;-0.34098;69.4;NaN;;14.059;;0 / 28;2763;2021-10-27 16:52:04:165
-0.014;7.858;-8.734;6.244;0.0;-7.561;-1.441;-2.252;9.122;-0.964;-2.245;1.52;60.0;-17.0;-25.9;26.5;172.4;0.0;-140.4;0.0;60.58;39.46897;-0.34098;69.4;NaN;;14.059;;0 / 28;2813;2021-10-27 16:52:04:215
1.744;-3.116;-6.108;-5.033;-2.03;-8.169;-2.217;12.368;5.046;1.509;0.872;0.238;60.0;-18.5;-23.2;28.4;215.0;15.4;174.9;0.0;60.58;39.46897;-0.34098;69.4;NaN;;14.059;;0 / 28;2863;2021-10-27 16:52:04:265
3.465;-9.995;-2.321;-9.524;-2.097;1.049;-2.835;19.275;0.667;3.175;4.121;-1.722;60.0;-20.7;-21.3;30.2;240.9;12.6;106.2;0.0;60.58;39.46897;-0.34098;69.4;NaN;;14.059;;0 / 28;2913;2021-10-27 16:52:04:315
2.733;7.858;4.27;8.835;-1.939;3.792;-7.38;0.985;-12.044;6.247;6.245;-7.661;60.0;-21.5;-21.2;30.8;164.2;17.6;30.3;0.0;60.58;39.46897;-0.34098;69.4;NaN;;14.059;;0 / 28;2963;2021-10-27 16:52:04:365
-8.461;-0.138;-29.851;9.457;2.322;1.173;-2.905;-5.836;-6.83;10.563;6.377;-8.024;18.0;-22.5;-22.6;31.7;117.7;-13.7;-82.9;0.0;60.58;39.46897;-0.34098;69.4;NaN;;14.059;;0 / 28;3012;2021-10-27 16:52:04:414
4.385;20.793;-17.37;7.633;-0.129;-6.158;-8.897;-16.708;4.675;-5.872;-4.97;9.124;18.0;-23.0;-22.0;33.5;117.5;17.7;6.6;0.0;60.58;39.46897;-0.34098;69.4;NaN;;14.059;;0 / 28;3063;2021-10-27 16:52:04:465
3.422;16.417;-10.101;9.357;0.804;-2.83;-11.193;-18.464;8.025;-4.755;-4.532;5.001;18.0;-25.8;-22.4;33.9;155.9;15.5;-124.9;0.0;60.58;39.46897;-0.34098;69.4;NaN;;14.059;;0 / 28;3113;2021-10-27 16:52:04:515
-2.515;18.526;-0.301;9.754;0.972;-0.297;-2.969;-10.384;-4.088;-2.762;-2.608;3.519;18.0;-27.3;-23.1;32.8;129.4;-1.8;-103.7;0.0;60.24;39.46897;-0.34098;69.4;NaN;;14.059;;0 / 28;3163;2021-10-27 16:52:04:565
-1.448;12.832;-1.531;9.012;3.366;-1.92;3.372;-10.045;-1.321;-2.237;-2.007;2.282;18.0;-29.4;-26.5;27.2;122.1;-20.1;-102.0;0.0;60.24;39.46897;-0.34098;69.4;NaN;;14.059;;0 / 28;3213;2021-10-27 16:52:04:615
-4.658;6.319;-1.847;7.939;5.464;-1.82;1.788;0.868;-3.04;-1.253;-0.856;1.132;18.0;-29.3;-28.2;23.1;134.8;-14.4;-96.9;0.0;60.24;39.46897;-0.34098;69.4;NaN;;14.059;;0 / 28;3263;2021-10-27 16:52:04:665
-0.806;2.319;1.524;5.622;3.922;-7.015;-0.029;6.71;2.08;-1.023;-0.089;0.248;18.0;-28.5;-29.3;18.6;236.1;-28.1;-152.3;0.0;60.24;39.46897;-0.34098;69.4;NaN;;14.059;;0 / 28;3313;2021-10-27 16:52:04:715
0.744;1.977;-0.107;9.299;-2.5;-1.858;-1.61;7.386;-4.46;-0.851;0.61;-0.221;241.0;-26.8;-30.4;14.0;134.2;-13.3;-23.4;0.0;60.24;39.46897;-0.34098;69.4;NaN;;14.059;;0 / 28;3363;2021-10-27 16:52:04:765
3.576;3.779;0.603;0.675;-9.778;0.278;-6.112;8.675;-3.133;-0.851;0.61;-0.221;241.0;-25.4;-31.0;11.9;136.5;45.9;-46.8;0.0;60.24;39.46897;-0.34098;69.4;NaN;;14.059;;0 / 28;3413;2021-10-27 16:52:04:815
-0.591;19.848;2.8;9.783;-0.417;0.517;-1.338;-10.936;-4.449;-0.851;0.61;-0.221;241.0;-23.3;-31.6;12.1;153.4;-2.1;-80.6;0.0;64.01;39.46897;-0.34098;69.4;NaN;;14.059;;0 / 28;3463;2021-10-27 16:52:04:865
2.36;24.781;-2.338;9.687;-0.666;-1.389;-0.349;-11.369;-3.72;-1.417;-0.481;1.44;241.0;-21.5;-31.1;15.1;151.7;-1.8;-83.8;0.0;64.01;39.46897;-0.34098;69.4;NaN;;14.059;;0 / 28;3513;2021-10-27 16:52:04:915
-0.667;18.249;-8.815;8.619;0.077;-4.683;0.485;-9.665;7.224;-1.417;-0.481;1.44;241.0;-21.3;-29.8;17.6;163.8;-1.2;-108.4;0.0;64.01;39.46897;-0.34098;69.4;NaN;;14.059;;0 / 28;3563;2021-10-27 16:52:04:965
1.764;1.859;-8.925;2.164;-2.011;-9.352;-2.882;5.707;7.8;0.226;1.093;0.2;241.0;-21.8;-27.5;21.0;207.1;11.8;-167.0;0.0;64.01;39.46897;-0.34098;69.4;NaN;;14.059;;0 / 28;3613;2021-10-27 16:52:05:015
-0.744;-3.973;-2.683;-8.677;1.398;-4.353;0.285;12.917;0.709;2.096;2.765;-0.851;241.0;-22.9;-26.0;22.0;231.1;-6.4;148.2;0.0;64.01;39.46897;-0.34098;69.4;NaN;;14.059;;0 / 28;3663;2021-10-27 16:52:05:065
3.647;-3.159;3.609;-6.345;-5.473;5.095;-5.041;16.622;-3.762;4.501;5.059;-3.566;199.0;-24.0;-25.9;22.2;242.5;28.4;90.5;0.0;64.01;39.46897;-0.34098;69.4;NaN;;14.059;;0 / 28;3713;2021-10-27 16:52:05:115
-0.447;11.879;2.285;9.433;0.153;2.667;-6.347;2.716;-12.405;8.052;6.536;-5.611;199.0;-24.2;-26.8;21.6;108.0;39.3;-9.5;0.0;64.01;39.46897;-0.34098;69.4;NaN;;14.059;;0 / 28;3763;2021-10-27 16:52:05:165
-4.375;-5.177;-6.362;-1.12;-2.959;9.285;6.515;2.019;18.83;1.662;1.814;-1.494;199.0;-22.8;-28.8;21.7;135.0;17.6;6.9;0.0;60.24;39.46897;-0.34098;69.4;NaN;;14.059;;0 / 28;3813;2021-10-27 16:52:05:215
-3.327;22.265;1.409;5.507;2.255;7.796;11.484;-15.205;-32.398;-6.997;-7.734;3.09;199.0;-21.2;-29.2;23.2;159.2;-15.0;-123.3;0.0;60.24;39.46897;-0.34098;69.4;NaN;;14.059;;0 / 28;3863;2021-10-27 16:52:05:265
0.832;12.896;-0.883;9.754;-0.292;-0.972;-1.903;-6.16;-2.061;-3.739;-4.416;3.153;199.0;-19.7;-29.9;24.2;152.2;-0.8;-111.4;0.0;60.24;39.46897;-0.34098;69.4;NaN;;14.059;;0 / 28;3913;2021-10-27 16:52:05:315
-6.551;21.54;-1.622;9.323;2.873;-0.991;4.148;-14.962;-5.52;-3.48;-4.057;2.176;199.0;-19.2;-30.6;24.4;154.1;0.1;-112.4;0.0;60.24;39.46897;-0.34098;69.4;NaN;;14.059;;0 / 28;3963;2021-10-27 16:52:05:365
1.158;12.767;-3.607;9.677;-1.001;-1.226;-1.735;-4.414;0.65;-0.718;-1.198;1.417;74.0;-20.1;-33.0;21.4;152.5;5.9;-97.2;0.0;60.24;39.46897;-0.34098;69.4;NaN;;14.059;;0 / 28;4013;2021-10-27 16:52:05:415
-2.96;2.314;-3.032;5.741;5.425;-5.813;0.939;5.589;-0.416;-1.056;-1.57;1.05;74.0;-20.6;-34.3;19.4;160.0;-20.0;-115.2;0.0;60.24;39.46897;-0.34098;69.4;NaN;;14.059;;0 / 28;4063;2021-10-27 16:52:05:465
-3.123;1.656;-0.438;4.209;8.724;-1.542;0.777;6.821;-3.068;-1.056;-1.57;1.05;74.0;-21.3;-34.9;17.7;184.6;-39.7;-132.1;0.0;64.1;39.46897;-0.34098;69.4;NaN;;14.059;;0 / 28;4112;2021-10-27 16:52:05:514
2.087;-0.236;2.343;-0.067;-7.092;6.78;-4.803;9.232;-5.335;-1.056;-1.57;1.05;74.0;-22.4;-35.4;16.7;36.6;-59.3;-118.8;0.0;64.1;39.46897;-0.34098;69.4;NaN;;14.059;;0 / 28;4162;2021-10-27 16:52:05:564
5.428;12.221;-0.402;8.787;-4.353;0.129;-6.868;2.071;-4.558;-1.276;-0.715;-0.751;74.0;-21.8;-35.3;16.9;118.3;46.3;0.6;0.0;64.1;39.46897;-0.34098;69.4;NaN;;14.059;;0 / 28;4213;2021-10-27 16:52:05:615
3.693;19.486;-1.993;9.783;-0.69;0.153;-4.599;-9.905;0.676;-1.175;-2.191;2.209;74.0;-21.2;-34.0;19.0;156.4;11.7;-96.3;0.0;64.1;39.46897;-0.34098;69.4;NaN;;14.059;;0 / 28;4263;2021-10-27 16:52:05:665
-1.754;26.497;-6.0;9.634;0.723;-1.671;-0.47;-16.586;0.877;-0.682;-1.277;1.551;74.0;-20.0;-31.7;23.3;148.0;3.4;-91.9;0.0;64.1;39.46897;-0.34098;69.4;NaN;;14.059;;0 / 28;4313;2021-10-27 16:52:05:715
1.031;6.144;-12.083;6.258;-0.632;-7.527;-0.424;-9.748;5.956;0.466;0.364;0.548;119.0;-20.0;-29.4;25.9;148.5;-1.3;-105.8;0.0;64.1;39.46897;-0.34098;69.4;NaN;;14.059;;0 / 28;4363;2021-10-27 16:52:05:765
-0.569;-0.749;-6.312;-3.108;1.566;-9.17;-0.89;8.86;7.496;1.246;0.917;0.206;119.0;-21.1;-26.2;28.6;232.6;-9.2;161.3;0.0;64.1;39.46897;-0.34098;69.4;NaN;;14.059;;0 / 28;4413;2021-10-27 16:52:05:815
3.188;-8.267;-1.424;-8.882;-3.419;-2.365;-2.648;17.207;0.054;3.207;3.978;-1.951;119.0;-22.1;-24.6;28.7;234.8;1.5;111.2;0.0;59.48;39.46897;-0.34098;69.4;NaN;;14.059;;0 / 28;4463;2021-10-27 16:52:05:865
2.685;1.898;3.889;2.308;-5.349;7.891;-3.76;10.486;-7.066;6.24;4.889;-6.616;119.0;-23.1;-25.0;27.8;237.0;20.9;67.1;0.0;59.48;39.46897;-0.34098;69.4;NaN;;14.059;;0 / 28;4512;2021-10-27 16:52:05:914
0.21;7.946;-0.071;9.141;0.235;3.543;-2.669;-4.609;-6.727;7.535;7.896;-8.491;119.0;-22.7;-26.5;27.2;128.9;-2.3;-77.3;0.0;59.48;39.46897;-0.34098;69.4;NaN;;14.059;;0 / 28;4563;2021-10-27 16:52:05:965
18.071;2.431;16.7;-0.182;-6.148;7.642;-6.81;10.224;-37.856;11.677;7.885;-5.34;119.0;-22.2;-27.2;27.4;128.6;-1.4;-68.8;0.0;59.48;39.46897;-0.34098;69.4;NaN;;14.059;;0 / 28;4612;2021-10-27 16:52:06:014
2.814;18.66;-4.698;9.735;-1.053;-0.579;0.251;-22.104;-10.818;-4.475;-4.819;3.652;119.0;-20.7;-27.9;28.6;125.0;-17.0;-66.5;0.0;59.48;39.46897;-0.34098;69.4;NaN;;14.059;;0 / 28;4662;2021-10-27 16:52:06:064
1.405;14.67;-7.271;8.581;-0.843;-4.669;-3.783;-3.642;-2.217;-2.701;-3.009;2.982;0.0;-19.7;-28.0;30.1;148.2;5.3;-114.5;0.0;59.48;39.46897;-0.34098;69.4;NaN;;14.059;;0 / 28;4712;2021-10-27 16:52:06:114
-5.287;16.602;-4.942;8.988;2.964;-2.576;3.613;-11.184;0.25;-2.431;-2.718;2.73;0.0;-19.9;-29.5;29.9;128.8;-12.6;-90.9;0.0;61.99;39.46897;-0.34098;69.4;NaN;;14.059;;0 / 28;4763;2021-10-27 16:52:06:165
-1.785;10.924;-0.282;9.644;1.767;0.201;-2.022;-3.189;-1.318;-1.39;-1.618;1.103;0.0;-21.9;-32.3;28.6;133.2;-10.4;-88.8;0.0;61.99;39.46897;-0.34098;69.4;NaN;;14.059;;0 / 28;4812;2021-10-27 16:52:06:214
-2.41;2.235;-3.262;4.836;4.492;-7.254;-0.74;6.427;0.613;-1.39;-1.618;1.103;0.0;-24.1;-33.5;27.4;203.2;-20.3;-151.9;0.0;61.99;39.46897;-0.34098;69.4;NaN;;14.059;;0 / 28;4862;2021-10-27 16:52:06:264
-3.317;1.168;1.479;2.902;8.562;3.797;0.885;7.18;-4.609;-0.336;-0.113;-0.224;0.0;-27.0;-34.8;26.0;101.5;-54.0;-71.1;0.0;61.99;39.46897;-0.34098;69.4;NaN;;14.059;;0 / 28;4913;2021-10-27 16:52:06:315
4.052;-0.155;2.917;-0.077;-7.776;5.976;-6.904;9.087;-5.59;-0.908;-0.227;-0.712;0.0;-31.1;-35.0;23.1;261.1;-41.6;-145.9;0.0;61.99;39.46897;-0.34098;69.4;NaN;;14.059;;0 / 28;4963;2021-10-27 16:52:06:365
4.071;9.799;-1.56;9.131;-3.323;-1.336;-6.155;2.496;-1.851;-1.057;-1.008;2.414;67.0;-32.5;-35.0;20.3;161.5;19.8;-98.3;0.0;61.99;39.46897;-0.34098;69.4;NaN;;14.059;;0 / 28;5013;2021-10-27 16:52:06:415
1.618;16.985;-0.825;9.802;-0.373;-0.062;-2.929;-7.672;-0.501;-1.367;-1.04;2.155;67.0;-32.0;-33.8;19.4;154.3;5.7;-92.0;0.0;61.99;39.46897;-0.34098;69.4;NaN;;14.059;;0 / 28;5063;2021-10-27 16:52:06:465
1.046;26.26;-7.65;9.357;-0.378;-2.911;-3.253;-15.489;2.51;-1.153;-0.688;1.876;67.0;-29.5;-32.0;19.5;151.9;5.3;-89.9;0.0;60.23;39.46897;-0.34098;69.4;NaN;;14.059;;0 / 28;5113;2021-10-27 16:52:06:515
-0.222;6.912;-9.246;8.126;-1.025;-5.401;-3.14;-12.313;8.334;0.095;0.875;0.761;67.0;-28.4;-30.4;20.9;166.7;5.3;-111.4;0.0;60.23;39.46897;-0.34098;69.4;NaN;;14.059;;0 / 28;5163;2021-10-27 16:52:06:565
-0.751;-0.083;-6.47;-0.235;0.948;-9.759;0.369;8.777;7.465;1.133;1.833;0.063;67.0;-26.3;-28.4;23.3;225.9;-5.5;178.6;0.0;60.23;39.46897;-0.34098;69.4;NaN;;14.059;;0 / 28;5213;2021-10-27 16:52:06:615
0.244;-3.841;-2.104;-8.514;-1.058;-4.755;-0.284;13.119;-0.864;2.492;3.085;-1.281;67.0;-25.1;-27.3;24.4;232.3;-13.8;132.8;0.0;60.23;39.46897;-0.34098;69.4;NaN;;14.059;;0 / 28;5262;2021-10-27 16:52:06:664
6.714;0.607;11.24;-5.272;-5.938;5.756;-5.439;15.641;-3.069;5.447;4.354;-4.657;67.0;-23.5;-27.3;25.3;238.4;25.3;118.8;0.0;60.23;39.46897;-0.34098;69.4;NaN;;14.059;;0 / 28;5313;2021-10-27 16:52:06:715
-3.779;10.019;-3.255;8.313;3.29;-4.032;1.881;-2.37;-3.583;9.981;4.699;-6.054;9.0;-21.5;-28.5;25.4;130.4;-8.2;-39.6;0.0;60.23;39.46897;-0.34098;69.4;NaN;;14.059;;0 / 28;5363;2021-10-27 16:52:06:765
7.729;3.415;-9.56;3.754;-6.215;-6.594;-10.921;3.244;7.622;-4.413;-5.519;5.056;9.0;-18.0;-30.2;25.7;136.8;20.9;-74.6;0.0;60.66;39.46897;-0.34098;69.4;NaN;;14.059;;0 / 28;5413;2021-10-27 16:52:06:815
-13.749;24.74;-12.202;6.397;6.235;4.056;15.222;-13.675;5.328;-4.413;-5.519;5.056;9.0;-16.0;-30.0;26.6;136.5;14.1;-77.4;0.0;60.66;39.46897;-0.34098;69.4;NaN;;14.059;;0 / 28;5463;2021-10-27 16:52:06:865
12.87;15.381;-34.305;3.874;-2.753;-8.581;-15.51;-5.453;16.626;-1.261;-1.554;0.52;9.0;-14.2;-28.6;28.4;125.3;31.6;-53.4;0.0;60.66;39.46897;-0.34098;69.4;NaN;;14.059;;0 / 28;5513;2021-10-27 16:52:06:915
3.272;18.251;-5.17;9.586;-1.781;1.053;-2.39;-5.045;-11.971;-0.585;-1.983;1.211;9.0;-13.3;-27.4;29.8;145.4;6.3;-113.4;0.0;60.66;39.46897;-0.34098;69.4;NaN;;14.059;;0 / 28;5563;2021-10-27 16:52:06:965
-5.062;17.521;8.183;8.662;2.203;4.037;2.37;-8.517;-7.969;-0.525;-1.398;0.331;9.0;-9.9;-28.5;30.4;132.8;-13.0;-65.0;0.0;60.66;39.46897;-0.34098;69.4;NaN;;14.059;;0 / 28;5613;2021-10-27 16:52:07:015
-0.612;8.739;-2.204;9.419;0.503;-2.686;3.295;-1.176;-2.481;-0.667;-1.319;-0.075;9.0;-6.1;-29.8;29.9;132.9;-15.3;-83.1;0.0;60.66;39.46897;-0.34098;69.4;NaN;;14.059;;0 / 28;5663;2021-10-27 16:52:07:065
-0.442;-0.205;6.046;1.231;-2.365;9.438;-1.806;7.608;-3.843;-0.948;-1.477;-0.223;0.0;0.5;-31.3;28.8;130.9;26.1;-69.1;0.0;60.66;39.46897;-0.34098;69.4;NaN;;14.059;;0 / 28;5713;2021-10-27 16:52:07:115
-3.908;2.013;5.744;2.576;5.042;8.006;3.309;7.78;-5.548;-2.649;-1.452;-1.671;0.0;5.6;-31.4;27.8;186.9;-13.8;2.9;0.0;63.68;39.46897;-0.34098;69.4;NaN;;14.059;;0 / 28;5763;2021-10-27 16:52:07:165
-6.345;-1.756;1.318;-2.629;9.232;2.006;4.411;10.791;0.722;-3.379;-1.333;-2.91;0.0;11.4;-29.5;27.2;238.9;-70.3;52.6;0.0;63.68;39.46897;-0.34098;69.4;NaN;;14.059;;0 / 28;5813;2021-10-27 16:52:07:215
-1.63;8.006;-9.411;5.08;3.529;-7.614;3.178;8.277;4.438;-1.641;0.409;-4.679;0.0;14.8;-27.5;27.6;126.5;-21.1;-146.3;0.0;63.68;39.46897;-0.34098;69.4;NaN;;14.059;;0 / 28;5863;2021-10-27 16:52:07:265
2.697;17.593;-14.103;8.203;-0.948;-5.291;-5.811;-10.837;13.248;5.571;-2.163;1.492;0.0;17.0;-24.6;28.6;129.1;3.7;-123.9;0.0;63.68;39.46897;-0.34098;69.4;NaN;;14.059;;0 / 28;5913;2021-10-27 16:52:07:315
3.791;11.977;-8.246;7.566;-1.882;-5.952;-6.176;-1.013;7.181;4.805;-6.938;3.419;0.0;18.2;-23.5;28.7;126.9;11.7;-132.6;0.0;63.68;39.46897;-0.34098;69.4;NaN;;14.059;;0 / 28;5963;2021-10-27 16:52:07:365
3.274;16.255;-12.516;7.642;-0.934;-6.072;-5.478;-7.122;11.939;3.338;-5.452;3.337;0.0;19.9;-23.7;27.7;125.0;5.5;-128.5;0.0;63.68;39.46897;-0.34098;69.4;NaN;;14.059;;0 / 28;6013;2021-10-27 16:52:07:415
1.938;9.689;-9.368;7.015;-1.551;-6.675;-1.171;-0.179;8.258;2.57;-4.131;2.597;0.0;20.7;-24.6;26.6;126.7;3.4;-135.8;0.0;58.41;39.46897;-0.34098;69.4;NaN;;14.059;;0 / 28;6063;2021-10-27 16:52:07:465
4.064;3.375;-6.087;3.687;-5.104;-7.523;-3.168;4.507;4.049;2.57;-4.131;2.597;0.0;20.6;-27.4;24.2;128.7;21.5;-138.2;0.0;58.41;39.46897;-0.34098;69.4;NaN;;14.059;;0 / 28;6113;2021-10-27 16:52:07:515
2.752;2.166;1.814;6.043;-6.081;4.764;-1.506;7.345;-4.685;1.379;-2.653;2.363;0.0;20.2;-29.9;22.1;145.1;41.9;-169.4;0.0;58.41;39.46897;-0.34098;69.4;NaN;;14.059;;0 / 28;6162;2021-10-27 16:52:07:564
1.194;0.909;-0.347;4.745;-7.819;-3.539;1.13;6.87;-4.415;0.501;-1.804;2.579;0.0;19.3;-32.7;18.8;154.3;38.3;-51.7;0.0;58.41;39.46897;-0.34098;69.4;NaN;;14.059;;0 / 28;6212;2021-10-27 16:52:07:614
-1.29;0.976;3.712;0.0;9.807;0.0;3.384;8.537;-1.805;-0.929;-0.489;3.162;0.0;19.7;-35.8;12.5;148.6;-12.9;178.1;0.0;58.41;39.46897;-0.34098;69.4;NaN;;14.059;;0 / 28;6263;2021-10-27 16:52:07:665
-4.995;18.656;-7.453;8.442;2.169;-4.496;5.79;-6.909;6.515;-3.27;1.368;0.926;0.0;20.3;-36.6;7.8;169.4;5.5;-85.9;0.0;58.41;39.46897;-0.34098;69.4;NaN;;14.059;;0 / 28;6313;2021-10-27 16:52:07:715
-3.312;7.427;1.747;8.993;3.644;-1.417;4.728;-5.416;-1.771;-0.724;-1.186;-2.156;0.0;20.8;-37.6;0.7;174.0;-8.3;-93.6;0.0;58.41;39.46897;-0.34098;69.4;NaN;;14.059;;0 / 28;6363;2021-10-27 16:52:07:765
0.28;22.461;-7.039;9.347;-0.01;-2.964;0.979;-11.405;4.031;-0.828;-2.084;-1.335;0.0;20.6;-37.3;-3.4;195.0;-14.3;-61.9;0.0;57.84;39.46897;-0.34098;69.4;NaN;;14.059;;0 / 28;6413;2021-10-27 16:52:07:815
-7.709;14.428;-5.108;8.236;4.415;-2.969;7.813;-4.46;1.83;-0.155;-4.446;-0.423;0.0;19.9;-37.3;-8.5;184.4;-24.7;-105.6;0.0;57.84;39.46897;-0.34098;69.4;NaN;;14.059;;0 / 28;6463;2021-10-27 16:52:07:865
-1.096;16.291;-2.046;9.687;0.35;-1.48;3.045;-7.682;-0.861;0.24;-4.944;0.006;0.0;18.8;-36.4;-11.5;193.1;-9.9;-95.7;0.0;57.84;39.46897;-0.34098;69.4;NaN;;14.059;;0 / 28;6513;2021-10-27 16:52:07:915
-0.067;4.059;-3.353;7.202;0.23;-6.656;0.115;3.761;1.068;0.641;-4.442;0.485;0.0;16.7;-35.8;-15.4;189.2;-3.4;-113.6;0.0;57.84;39.46897;-0.34098;69.4;NaN;;14.059;;0 / 28;6563;2021-10-27 16:52:07:965
-0.746;0.217;0.265;0.402;9.108;3.615;-0.467;8.483;-1.857;0.721;-4.109;0.494;0.0;15.1;-35.5;-17.6;182.5;-1.3;-132.7;0.0;57.84;39.46897;-0.34098;69.4;NaN;;14.059;;0 / 28;6613;2021-10-27 16:52:08:015
-1.309;0.268;0.296;3.371;6.838;6.167;1.587;9.468;-1.099;0.661;-3.285;0.794;0.0;13.8;-35.2;-19.2;229.7;-44.2;-28.7;0.0;57.84;39.46897;-0.34098;69.4;NaN;;14.059;;0 / 28;6663;2021-10-27 16:52:08:065
2.113;8.696;2.364;9.347;-1.848;2.318;-4.009;2.842;-5.71;-1.105;-1.674;0.586;19.0;13.4;-35.5;-18.7;214.7;23.5;-53.9;0.0;56.73;39.46897;-0.34098;69.4;NaN;;14.059;;0 / 28;6712;2021-10-27 16:52:08:114
-2.113;24.034;-1.35;9.759;0.876;-0.436;0.96;-12.98;0.354;-2.519;0.479;0.674;19.0;14.5;-36.5;-16.0;206.9;3.9;-86.9;0.0;56.73;39.46897;-0.34098;69.4;NaN;;14.059;;0 / 28;6763;2021-10-27 16:52:08:165
-2.633;14.459;-8.511;8.14;1.326;-5.306;2.527;-7.253;2.953;-0.81;-1.0;0.336;19.0;17.2;-37.5;-10.4;178.7;-7.8;-123.1;0.0;56.73;39.46897;-0.34098;69.4;NaN;;14.059;;0 / 28;6813;2021-10-27 16:52:08:215
3.327;7.899;-12.894;4.779;-2.217;-8.274;-3.238;0.73;10.743;1.003;-1.26;0.446;19.0;19.5;-38.0;-5.2;160.1;6.3;-143.2;0.0;56.73;39.46897;-0.34098;69.4;NaN;;14.059;;0 / 28;6862;2021-10-27 16:52:08:264
-0.047;2.948;-10.565;2.763;0.254;-9.404;-1.537;6.527;9.633;1.925;-0.726;0.545;19.0;21.5;-37.6;0.8;150.9;8.2;-165.1;0.0;56.73;39.46897;-0.34098;69.4;NaN;;14.059;;0 / 28;6913;2021-10-27 16:52:08:315
0.909;-3.65;-3.643;-7.125;-2.217;-6.364;0.14;12.13;0.419;3.672;-0.314;0.661;19.0;22.8;-37.0;7.2;145.0;-19.4;-178.6;0.0;56.73;39.46897;-0.34098;69.4;NaN;;14.059;;0 / 28;6963;2021-10-27 16:52:08:365
1.876;-0.227;0.402;2.873;-7.681;5.382;-2.217;10.489;-4.566;4.347;0.322;0.873;26.0;23.2;-37.0;8.3;241.4;51.5;-28.1;0.0;56.73;39.46897;-0.34098;69.4;NaN;;14.059;;0 / 28;7013;2021-10-27 16:52:08:415
0.653;2.561;2.683;8.576;3.409;-3.314;0.596;3.714;-9.696;4.285;1.344;1.138;26.0;23.8;-37.6;5.6;204.7;14.7;-39.9;0.0;59.46;39.46897;-0.34098;69.4;NaN;;14.059;;0 / 28;7062;2021-10-27 16:52:08:464
4.918;5.313;5.893;3.692;-4.199;8.059;1.476;3.768;-6.797;2.242;2.325;1.033;26.0;25.3;-39.0;0.1;148.2;-10.8;-158.6;0.0;59.46;39.46897;-0.34098;69.4;NaN;;14.059;;0 / 28;7113;2021-10-27 16:52:08:515
-2.254;18.596;1.211;9.687;1.422;0.565;9.474;-15.217;-10.382;-3.102;4.52;-3.006;26.0;25.6;-39.6;-4.6;169.7;8.4;-108.5;0.0;59.46;39.46897;-0.34098;69.4;NaN;;14.059;;0 / 28;7163;2021-10-27 16:52:08:565
-0.402;16.338;-1.182;9.759;0.196;-0.962;3.261;-6.936;-3.939;-2.519;1.607;-2.485;26.0;25.8;-40.3;-10.0;185.1;-6.3;-103.1;0.0;59.46;39.46897;-0.34098;69.4;NaN;;14.059;;0 / 28;7213;2021-10-27 16:52:08:615
-3.987;19.053;-2.139;9.51;2.006;-1.293;6.154;-11.964;-2.52;-2.096;0.2;-1.616;26.0;25.6;-40.3;-14.1;196.0;-9.3;-93.1;0.0;59.46;39.46897;-0.34098;69.4;NaN;;14.059;;0 / 28;7263;2021-10-27 16:52:08:665
-0.318;15.338;-3.994;9.582;0.062;-2.088;3.281;-6.412;2.653;-1.438;-1.455;-1.35;26.0;24.5;-38.9;-19.6;190.2;-5.7;-111.6;0.0;59.46;39.46897;-0.34098;69.4;NaN;;14.059;;0 / 28;7312;2021-10-27 16:52:08:714
-4.777;5.029;-3.161;6.177;6.354;-4.199;4.42;2.363;-0.482;-0.781;-1.982;-0.7;33.0;22.8;-37.8;-22.9;206.8;-1.4;-93.4;0.0;58.78;39.46897;-0.34098;69.4;NaN;;14.059;;0 / 28;7363;2021-10-27 16:52:08:765
-2.254;2.257;0.217;6.771;6.728;2.241;2.947;7.094;0.225;-0.435;-2.391;-0.681;33.0;19.2;-35.5;-26.3;222.9;-43.3;-71.7;0.0;58.78;39.46897;-0.34098;69.4;NaN;;14.059;;0 / 28;7413;2021-10-27 16:52:08:815
3.628;0.167;-1.249;0.613;-7.441;-6.359;-0.35;8.574;-3.667;0.248;-2.61;-0.445;33.0;16.8;-34.6;-26.9;226.4;42.0;-138.5;0.0;58.78;39.46897;-0.34098;69.4;NaN;;14.059;;0 / 28;7463;2021-10-27 16:52:08:865
3.647;5.502;0.607;5.124;-7.604;3.481;-4.787;9.125;-4.602;0.331;-1.865;0.192;33.0;14.7;-34.0;-26.5;207.4;64.9;-8.8;0.0;58.78;39.46897;-0.34098;69.4;NaN;;14.059;;0 / 28;7512;2021-10-27 16:52:08:914
0.686;20.886;0.885;9.792;-0.503;-0.23;-1.014;-11.573;-2.381;-2.336;1.243;1.458;33.0;14.1;-35.3;-22.5;218.0;0.3;-70.6;0.0;58.78;39.46897;-0.34098;69.4;NaN;;14.059;;0 / 28;7562;2021-10-27 16:52:08:964
2.273;23.783;-5.11;9.586;-1.03;-1.805;-3.523;-13.134;1.199;-1.165;-0.083;0.819;33.0;15.3;-37.9;-14.8;198.4;6.0;-100.7;0.0;58.78;39.46897;-0.34098;69.4;NaN;;14.059;;0 / 28;7613;2021-10-27 16:52:09:015
-2.099;11.862;-11.896;7.274;1.092;-6.488;2.27;-6.663;10.145;0.061;-0.717;0.079;33.0;16.6;-39.4;-8.2;179.6;-2.7;-116.1;0.0;58.78;39.46897;-0.34098;69.4;NaN;;14.059;;0 / 28;7663;2021-10-27 16:52:09:065
2.18;1.479;-9.785;1.59;-2.093;-9.448;-1.282;7.241;9.404;1.137;-0.735;0.178;66.0;18.5;-39.5;1.2;156.5;5.5;-166.8;0.0;58.82;39.46897;-0.34098;69.4;NaN;;14.059;;0 / 28;7712;2021-10-27 16:52:09:114
-0.095;-4.006;-3.604;-4.793;-0.029;-8.557;-0.103;9.533;4.318;2.759;-0.6;0.293;66.0;19.0;-38.9;6.1;154.2;8.3;179.7;0.0;58.82;39.46897;-0.34098;69.4;NaN;;14.059;;0 / 28;7763;2021-10-27 16:52:09:165
3.336;-3.949;-1.239;-7.183;-6.45;-1.733;-2.127;13.877;-2.809;4.865;-0.376;0.843;66.0;19.4;-38.0;8.6;185.8;41.1;103.6;0.0;58.82;39.46897;-0.34098;69.4;NaN;;14.059;;0 / 28;7813;2021-10-27 16:52:09:215
1.237;5.148;3.157;8.954;1.116;3.855;0.07;1.753;-10.692;6.071;1.908;2.26;66.0;19.5;-38.2;6.8;204.2;29.7;-40.2;0.0;58.82;39.46897;-0.34098;69.4;NaN;;14.059;;0 / 28;7863;2021-10-27 16:52:09:265
-1.012;-0.342;-5.632;0.541;2.303;-9.519;7.514;-1.094;-1.613;2.34;0.768;0.587;66.0;19.4;-39.0;1.4;158.2;-28.1;-136.4;0.0;58.82;39.46897;-0.34098;69.4;NaN;;14.059;;0 / 28;7912;2021-10-27 16:52:09:314
-9.421;21.013;12.497;7.872;0.599;-5.818;-4.589;-3.464;-18.458;-2.404;3.619;-3.406;66.0;19.9;-39.5;-2.2;209.1;21.4;-3.5;0.0;58.82;39.46897;-0.34098;69.4;NaN;;14.059;;0 / 28;7963;2021-10-27 16:52:09:365
0.493;8.861;-1.543;9.519;-0.56;2.284;3.704;-1.356;-4.721;-2.377;2.741;-3.399;0.0;19.6;-39.4;-7.1;170.7;3.7;-126.2;0.0;61.19;39.46897;-0.34098;69.4;NaN;;14.059;;0 / 28;8013;2021-10-27 16:52:09:415
-5.507;25.31;-1.113;9.524;2.274;-0.503;8.645;-17.753;-2.881;-2.038;0.575;-2.288;0.0;19.6;-39.2;-10.3;192.7;-7.0;-92.0;0.0;61.19;39.46897;-0.34098;69.4;NaN;;14.059;;0 / 28;8063;2021-10-27 16:52:09:465
-2.127;14.771;-3.623;9.424;1.211;-2.442;5.766;-5.908;0.692;-2.038;0.575;-2.288;0.0;17.8;-37.9;-16.3;191.4;-16.1;-106.0;0.0;61.19;39.46897;-0.34098;69.4;NaN;;14.059;;0 / 28;8113;2021-10-27 16:52:09:515
-2.221;6.91;-3.066;8.906;2.667;-3.127;4.26;-2.396;-1.689;-0.941;-2.796;-1.148;0.0;16.2;-37.0;-20.5;201.7;-8.1;-97.3;0.0;61.19;39.46897;-0.34098;69.4;NaN;;14.059;;0 / 28;8162;2021-10-27 16:52:09:564
-4.217;2.554;-1.625;5.397;7.973;-1.867;4.428;7.364;0.336;-0.141;-3.603;-0.859;0.0;13.8;-35.8;-25.0;206.4;-54.4;-109.1;0.0;61.19;39.46897;-0.34098;69.4;NaN;;14.059;;0 / 28;8212;2021-10-27 16:52:09:614
0.303;1.452;0.028;9.05;2.84;-2.485;3.302;7.31;-4.308;0.512;-3.763;-0.724;0.0;13.6;-35.5;-26.9;208.9;-16.8;-105.4;0.0;61.19;39.46897;-0.34098;69.4;NaN;;14.059;;0 / 28;8263;2021-10-27 16:52:09:665
3.154;2.209;2.92;6.752;-4.76;5.282;-4.898;9.034;-5.067;1.011;-3.245;-0.529;0.0;14.5;-35.4;-27.4;90.4;77.5;130.5;0.0;61.19;39.46897;-0.34098;69.4;NaN;;14.059;;0 / 28;8313;2021-10-27 16:52:09:715
0.564;15.838;3.018;9.711;-0.378;1.317;-1.269;-7.213;-5.6;-2.786;1.316;1.033;85.0;16.6;-35.5;-25.5;223.9;17.4;-76.5;0.0;62.53;39.46897;-0.34098;69.4;NaN;;14.059;;0 / 28;8363;2021-10-27 16:52:09:765
2.496;24.101;1.73;9.744;-1.03;0.426;-2.085;-13.128;-2.537;-1.567;0.895;1.236;85.0;19.8;-36.0;-18.7;210.4;6.0;-87.5;0.0;62.53;39.46897;-0.34098;69.4;NaN;;14.059;;0 / 28;8413;2021-10-27 16:52:09:815
-1.783;23.053;-7.18;9.261;0.675;-3.151;1.94;-14.776;1.88;-0.597;0.296;0.27;85.0;22.0;-36.1;-12.0;186.5;-3.9;-108.8;0.0;62.53;39.46897;-0.34098;69.4;NaN;;14.059;;0 / 28;8463;2021-10-27 16:52:09:865
1.536;2.944;-13.095;1.815;-1.116;-9.572;-0.571;3.29;11.941;0.417;0.329;0.023;85.0;23.6;-35.2;-1.2;157.3;1.2;-140.1;0.0;62.53;39.46897;-0.34098;69.4;NaN;;14.059;;0 / 28;8513;2021-10-27 16:52:09:915
-1.067;-3.679;-4.6;-4.228;2.006;-8.619;1.196;11.105;2.68;1.905;0.316;-0.195;85.0;23.3;-34.3;4.8;145.5;-0.8;-171.5;0.0;62.53;39.46897;-0.34098;69.4;NaN;;14.059;;0 / 28;8563;2021-10-27 16:52:09:965
3.133;-7.518;-0.459;-9.323;-3.05;0.211;-2.46;16.389;-1.087;5.551;0.101;0.605;85.0;21.3;-33.7;9.9;195.1;18.1;88.7;0.0;62.53;39.46897;-0.34098;69.4;NaN;;14.059;;0 / 28;8613;2021-10-27 16:52:10:015
1.618;8.418;1.981;9.596;-1.207;1.638;-1.143;2.751;-10.195;7.207;1.085;1.142;85.0;20.2;-34.3;9.8;190.6;18.9;-51.3;0.0;59.54;39.46894;-0.34098;69.4;NaN;;11.778;;0 / 28;8663;2021-10-27 16:52:10:065
-3.717;0.483;-8.815;-0.263;3.29;-9.237;3.75;-0.169;-6.578;3.761;2.281;1.429;55.0;19.0;-35.3;5.8;164.4;-3.5;-99.5;0.0;59.54;39.46894;-0.34098;69.4;NaN;;11.778;;0 / 28;8713;2021-10-27 16:52:10:115
6.245;18.849;-11.989;6.919;-1.173;-6.852;-3.805;-11.007;-4.214;3.761;2.281;1.429;55.0;19.3;-35.9;2.6;178.0;-12.3;105.1;0.0;59.54;39.46894;-0.34098;69.4;NaN;;11.778;;0 / 28;8763;2021-10-27 16:52:10:165
-0.086;12.834;-8.121;8.418;0.776;-4.98;-2.635;-15.789;0.499;-2.218;4.76;-3.267;55.0;19.5;-36.1;-0.9;166.0;-4.5;-120.6;0.0;59.54;39.46894;-0.34098;69.4;NaN;;11.778;;0 / 28;8813;2021-10-27 16:52:10:215
0.363;18.907;-7.276;9.443;0.081;-2.648;4.347;-11.06;2.093;-2.218;4.76;-3.267;55.0;20.3;-35.8;-2.9;175.0;2.5;-107.3;0.0;59.54;39.46894;-0.34098;69.4;NaN;;11.778;;0 / 28;8862;2021-10-27 16:52:10:264
-3.817;16.303;-4.081;9.294;1.973;-2.423;8.64;-10.247;0.373;-1.873;2.088;-2.237;55.0;19.6;-35.3;-7.8;188.4;-13.8;-90.3;0.0;59.54;39.46894;-0.34098;69.4;NaN;;11.778;;0 / 28;8913;2021-10-27 16:52:10:315
-3.133;10.33;-0.801;9.199;3.347;-0.622;4.907;-1.657;-1.351;-0.67;-2.54;-1.519;55.0;19.2;-35.0;-12.0;182.7;-5.0;-112.1;0.0;59.54;39.46894;-0.34098;69.4;NaN;;11.778;;0 / 28;8963;2021-10-27 16:52:10:365
-3.207;1.816;-3.669;2.198;8.169;-4.961;4.379;6.114;1.611;-0.67;-2.54;-1.519;51.0;18.1;-34.5;-16.1;197.7;-20.0;-93.9;0.0;63.49;39.46894;-0.34098;69.4;NaN;;11.778;;0 / 28;9012;2021-10-27 16:52:10:414
-2.092;1.938;-1.299;5.329;7.183;-4.027;4.469;7.587;-3.445;0.761;-4.413;-0.852;51.0;15.5;-34.4;-21.7;191.6;-47.1;-127.1;0.0;63.49;39.46894;-0.34098;69.4;NaN;;11.778;;0 / 28;9062;2021-10-27 16:52:10:464
3.736;2.592;2.089;1.585;-8.868;3.869;-4.239;8.795;-4.847;0.762;-4.529;-0.999;51.0;14.3;-33.9;-24.4;233.6;64.3;-47.7;0.0;63.49;39.46894;-0.34098;69.4;NaN;;11.778;;0 / 28;9112;2021-10-27 16:52:10:514
1.05;17.736;3.927;9.725;-0.613;1.12;-2.111;-7.513;-6.365;-2.599;0.908;0.831;51.0;15.3;-34.5;-26.0;226.3;23.8;-79.5;0.0;63.49;39.46894;-0.34098;69.4;NaN;;11.778;;0 / 28;9163;2021-10-27 16:52:10:565
2.678;25.477;1.74;9.716;-1.125;0.737;-1.229;-12.797;-2.059;-1.554;0.377;1.205;51.0;19.2;-36.4;-22.8;215.8;6.6;-85.7;0.0;63.49;39.46894;-0.34098;69.4;NaN;;11.778;;0 / 28;9213;2021-10-27 16:52:10:615
-0.866;23.692;-5.823;9.481;0.373;-2.485;0.78;-14.699;4.303;-0.705;-0.373;0.51;51.0;22.1;-38.2;-17.4;199.5;-0.5;-98.6;0.0;63.49;39.46894;-0.34098;69.4;NaN;;11.778;;0 / 28;9263;2021-10-27 16:52:10:665
0.849;-1.737;-13.619;-2.806;-1.877;-9.208;0.874;8.165;13.35;0.334;-0.543;0.203;51.0;24.1;-39.1;-10.3;154.3;-1.8;-159.6;0.0;59.02;39.46894;-0.34098;69.4;NaN;;11.778;;0 / 28;9312;2021-10-27 16:52:10:714
0.502;-2.348;-5.534;-4.573;-0.871;-8.633;-0.304;11.334;3.574;1.946;-0.254;0.238;11.0;24.9;-38.3;0.5;147.0;8.3;170.8;0.0;59.02;39.46894;-0.34098;69.4;NaN;;11.778;;0 / 28;9363;2021-10-27 16:52:10:765
1.259;-7.228;-0.816;-9.644;-1.604;-0.776;-0.881;16.373;-1.848;1.946;-0.254;0.238;11.0;24.6;-37.6;4.9;152.1;5.1;152.1;0.0;59.02;39.46894;-0.34098;69.4;NaN;;11.778;;0 / 28;9412;2021-10-27 16:52:10:814
3.81;7.192;4.444;5.052;-6.78;4.966;-0.342;9.945;-6.47;7.931;1.463;1.431;11.0;22.5;-37.3;5.6;203.0;36.9;59.6;0.0;59.02;39.46894;-0.34098;69.4;NaN;;11.778;;0 / 28;9463;2021-10-27 16:52:10:865
0.584;4.059;1.984;3.936;0.345;-8.973;0.877;-2.491;-15.155;7.931;1.463;1.431;11.0;20.5;-37.3;1.6;190.9;20.5;-67.4;0.0;59.02;39.46894;-0.34098;69.4;NaN;;11.778;;0 / 28;9513;2021-10-27 16:52:10:915
6.312;21.344;-15.252;8.078;-4.535;-3.213;-5.303;-13.337;0.379;7.931;1.463;1.431;11.0;19.4;-37.1;-0.5;157.4;3.6;141.6;0.0;59.02;39.46894;-0.34098;69.4;NaN;;11.778;;0 / 28;9563;2021-10-27 16:52:10:965
6.69;17.174;-25.674;5.966;-2.351;-7.422;3.839;-23.608;-8.612;-2.775;5.327;-3.874;11.0;18.6;-36.8;-2.6;203.2;-32.4;-36.9;0.0;59.02;39.46894;-0.34098;69.4;NaN;;11.778;;0 / 28;9613;2021-10-27 16:52:11:015
1.194;15.807;1.282;9.725;0.532;1.144;2.485;-6.855;-4.588;-1.574;-0.183;-2.651;11.0;17.4;-36.2;-5.1;190.9;15.1;-87.0;0.0;60.69;39.46894;-0.34098;69.4;NaN;;11.778;;0 / 28;9663;2021-10-27 16:52:11:065
-6.812;16.243;-3.707;8.868;3.788;-1.796;11.987;-13.404;-2.071;-2.412;3.333;-2.549;0.0;15.5;-35.5;-9.8;191.5;-18.4;-90.0;0.0;60.69;39.46894;-0.34098;69.4;NaN;;11.778;;0 / 28;9713;2021-10-27 16:52:11:115
-2.419;9.529;-2.807;9.175;2.298;-2.591;3.959;-4.242;0.766;-0.259;-3.443;-0.95;0.0;13.9;-34.1;-13.3;186.9;-7.2;-115.3;0.0;60.69;39.46894;-0.34098;69.4;NaN;;11.778;;0 / 28;9763;2021-10-27 16:52:11:165
-3.15;0.236;-5.347;1.077;4.104;-8.839;2.74;5.088;3.614;-0.494;-3.565;-1.045;0.0;10.6;-32.5;-18.2;167.0;-24.7;-173.1;0.0;60.69;39.46894;-0.34098;69.4;NaN;;11.778;;0 / 28;9812;2021-10-27 16:52:11:214
-3.477;2.06;-0.765;5.306;7.772;-2.772;4.206;7.268;-3.06;0.887;-4.475;-0.48;0.0;9.1;-30.9;-20.5;242.3;-52.0;-32.4;0.0;60.69;39.46894;-0.34098;69.4;NaN;;11.778;;0 / 28;9863;2021-10-27 16:52:11:265
3.042;-0.49;3.616;-0.804;-6.694;7.125;-1.77;9.404;-5.961;1.162;-4.445;-0.57;0.0;8.0;-29.6;-21.6;195.3;24.2;-4.9;0.0;60.69;39.46894;-0.34098;69.4;NaN;;11.778;;0 / 28;9913;2021-10-27 16:52:11:315
-0.847;16.896;1.62;9.644;-1.767;0.192;-4.082;5.092;-6.269;-0.078;-4.332;-0.731;0.0;8.0;-28.9;-21.2;207.7;47.1;-25.4;0.0;61.46;39.46894;-0.34098;69.4;NaN;;11.778;;0 / 28;9963;2021-10-27 16:52:11:365
1.943;22.617;3.181;9.653;-0.809;1.537;-3.845;-12.208;-2.115;-1.958;0.538;1.186;30.0;10.6;-29.2;-17.9;214.6;4.7;-81.0;0.0;61.46;39.46894;-0.34098;69.4;NaN;;11.778;;0 / 28;10013;2021-10-27 16:52:11:415
-2.465;24.506;-6.091;9.4;0.958;-2.624;2.151;-14.532;5.245;-1.568;0.651;1.127;30.0;12.7;-29.8;-14.4;202.3;-1.9;-96.2;0.0;61.46;39.46894;-0.34098;69.4;NaN;;11.778;;0 / 28;10063;2021-10-27 16:52:11:465
1.589;5.232;-13.66;0.986;-1.508;-9.639;-2.183;8.31;11.885;-1.568;0.651;1.127;30.0;17.3;-30.0;-7.3;174.8;3.5;-130.0;0.0;61.46;39.46894;-0.34098;69.4;NaN;;11.778;;0 / 28;10113;2021-10-27 16:52:11:515
-1.563;-0.921;-7.527;-1.331;2.069;-9.491;1.64;10.625;5.318;-1.568;0.651;1.127;30.0;19.9;-29.5;-1.9;146.7;7.9;172.0;0.0;61.46;39.46894;-0.34098;69.4;NaN;;11.778;;0 / 28;10163;2021-10-27 16:52:11:565
3.853;-7.314;-2.795;-8.384;-5.085;0.105;-4.519;16.62;-4.274;-1.568;0.651;1.127;30.0;22.6;-28.1;4.3;170.8;24.0;113.8;0.0;61.46;39.46894;-0.34098;69.4;NaN;;11.778;;0 / 28;10213;2021-10-27 16:52:11:615
2.498;-1.151;3.894;4.606;-4.396;7.46;-1.938;7.564;-10.714;7.087;1.073;0.58;30.0;23.1;-27.9;5.3;219.3;30.6;28.9;0.0;61.46;39.46894;-0.34098;69.4;NaN;;11.778;;0 / 28;10263;2021-10-27 16:52:11:665
-2.159;11.786;-1.223;9.337;1.724;2.452;3.516;-6.771;-7.316;4.953;4.421;3.297;30.0;22.0;-27.7;3.1;197.9;9.9;-60.9;0.0;60.39;39.46894;-0.34098;69.4;NaN;;11.778;;0 / 28;10313;2021-10-27 16:52:11:715
12.056;8.363;11.874;2.14;-4.08;8.657;-6.012;0.667;-27.765;0.681;0.122;-1.125;8.0;20.2;-28.0;1.9;144.0;-7.2;-162.4;0.0;60.39;39.46894;-0.34098;69.4;NaN;;11.778;;0 / 28;10363;2021-10-27 16:52:11:765
-1.797;17.923;-3.805;9.486;0.445;-2.452;9.575;-10.319;-12.037;-2.592;3.104;-3.289;8.0;18.1;-28.1;1.0;189.3;34.9;-81.0;0.0;60.39;39.46894;-0.34098;69.4;NaN;;11.778;;0 / 28;10413;2021-10-27 16:52:11:815
-1.065;16.051;-1.797;9.74;1.082;-0.345;1.913;-8.88;0.385;-1.389;0.928;-2.127;8.0;13.5;-28.4;0.6;168.5;5.9;-108.6;0.0;60.39;39.46894;-0.34098;69.4;NaN;;11.778;;0 / 28;10463;2021-10-27 16:52:11:865
-6.177;20.511;-5.938;9.069;2.825;-2.433;8.501;-11.649;1.911;-1.355;-0.21;-2.005;8.0;8.0;-29.1;-3.1;177.5;-15.0;-103.3;0.0;60.39;39.46894;-0.34098;69.4;NaN;;11.778;;0 / 28;10513;2021-10-27 16:52:11:915
-0.44;13.045;-3.023;9.596;0.201;-2.002;5.463;-4.287;0.143;-1.335;-0.715;-1.833;8.0;4.1;-29.3;-7.1;187.3;-18.2;-100.5;0.0;60.39;39.46894;-0.34098;69.4;NaN;;11.778;;0 / 28;10562;2021-10-27 16:52:11:964
-3.14;0.957;-3.059;4.401;6.445;-5.938;4.412;4.083;-0.267;-0.53;-4.803;-0.242;8.0;0.9;-29.2;-11.9;196.2;-14.4;-101.4;0.0;61.88;39.46894;-0.34098;69.4;NaN;;11.778;;0 / 28;10613;2021-10-27 16:52:12:015
-2.106;1.795;-1.273;6.258;7.365;-1.681;2.626;7.173;-2.205;0.55;-5.782;0.344;8.0;-2.2;-28.1;-19.6;223.4;-48.7;-105.0;0.0;61.88;39.46894;-0.34098;69.4;NaN;;11.778;;0 / 28;10663;2021-10-27 16:52:12:065
1.275;-0.445;3.935;-0.934;-3.859;8.969;0.082;8.91;-6.962;0.753;-5.312;0.011;8.0;-2.6;-27.6;-23.3;191.0;-27.5;-14.3;0.0;61.88;39.46894;-0.34098;69.4;NaN;;11.778;;0 / 28;10712;2021-10-27 16:52:12:114
4.145;11.405;-0.047;9.103;-3.649;0.182;-5.943;0.967;-3.675;0.753;-5.312;0.011;8.0;-1.0;-28.3;-26.4;175.9;51.7;1.5;0.0;61.88;39.46894;-0.34098;69.4;NaN;;11.778;;0 / 28;10762;2021-10-27 16:52:12:164
0.99;15.69;2.07;9.5;0.0;2.433;-0.918;-6.716;-6.212;0.753;-5.312;0.011;8.0;3.4;-31.2;-24.7;219.3;5.7;-88.7;0.0;61.88;39.46894;-0.34098;69.4;NaN;;11.778;;0 / 28;10813;2021-10-27 16:52:12:215
-3.904;28.805;-8.353;9.539;1.183;-1.968;0.864;-12.157;-3.542;-1.058;-0.699;0.874;8.0;7.6;-34.1;-20.9;210.2;-3.2;-95.7;0.0;61.88;39.46894;-0.34098;69.4;NaN;;11.778;;0 / 28;10863;2021-10-27 16:52:12:265
3.497;17.77;-9.062;8.806;-1.614;-4.003;-2.562;-13.439;7.722;-1.058;-0.699;0.874;8.0;14.5;-37.3;-11.7;194.5;-1.2;-111.1;0.0;59.77;39.46894;-0.34098;69.4;NaN;;11.778;;0 / 28;10913;2021-10-27 16:52:12:315
0.593;1.656;-11.001;1.312;-0.814;-9.682;-0.495;4.29;8.983;0.938;0.77;-0.086;8.0;18.7;-38.2;-5.2;171.5;6.7;-131.6;0.0;59.77;39.46894;-0.34098;69.4;NaN;;11.778;;0 / 28;10962;2021-10-27 16:52:12:364
-1.132;-5.902;-2.735;-9.151;1.279;-3.28;-0.326;10.978;3.456;2.04;1.103;-0.264;0.0;22.3;-37.2;1.7;153.0;-4.6;150.9;0.0;59.77;39.46894;-0.34098;69.4;NaN;;11.778;;0 / 28;11013;2021-10-27 16:52:12:415
1.637;-6.697;0.342;-8.926;-2.332;3.323;-1.579;14.847;-5.616;4.038;1.254;-0.058;0.0;22.8;-36.5;2.9;184.4;12.5;89.6;0.0;59.77;39.46894;-0.34098;69.4;NaN;;11.778;;0 / 28;11063;2021-10-27 16:52:12:465
2.417;9.047;3.111;9.677;-0.627;1.451;-3.129;0.453;-11.276;7.991;2.278;0.493;0.0;22.1;-36.1;0.0;185.4;3.7;-81.5;0.0;59.77;39.46894;-0.34098;69.4;NaN;;11.778;;0 / 28;11113;2021-10-27 16:52:12:515
-6.785;-0.969;-16.25;3.069;3.649;-8.571;4.428;-0.681;-3.144;0.99;4.17;0.759;0.0;21.5;-36.3;-2.8;153.2;-21.8;-160.3;0.0;59.77;39.46894;-0.34098;69.4;NaN;;11.778;;0 / 28;11162;2021-10-27 16:52:12:564
9.182;16.915;-13.935;6.024;-2.021;-7.475;-12.949;-0.397;-26.148;-3.436;7.801;0.339;0.0;20.5;-36.5;-5.9;210.3;25.0;3.8;0.0;59.77;39.46894;-0.34098;69.4;NaN;;11.778;;0 / 28;11213;2021-10-27 16:52:12:615
1.381;16.614;-6.292;9.275;-0.201;-3.175;5.676;-13.368;-5.88;-1.99;2.287;-2.325;0.0;19.5;-36.7;-7.0;196.0;-22.9;-76.3;0.0;60.04;39.46894;-0.34098;69.4;NaN;;11.778;;0 / 28;11263;2021-10-27 16:52:12:665
-5.146;21.829;-4.921;9.495;2.107;-1.259;5.446;-11.778;-1.525;-1.777;0.801;-1.642;0.0;16.6;-36.7;-9.4;189.5;-12.4;-97.6;0.0;60.04;39.46894;-0.34098;69.4;NaN;;11.778;;0 / 28;11312;2021-10-27 16:52:12:714
-0.435;16.044;-3.829;9.61;0.048;-1.963;2.458;-7.344;0.809;-0.712;-1.717;-1.132;0.0;14.3;-36.3;-12.0;190.8;-5.9;-107.7;0.0;60.04;39.46894;-0.34098;69.4;NaN;;11.778;;0 / 28;11363;2021-10-27 16:52:12:765
-1.586;2.747;-3.415;8.878;1.963;-3.673;2.977;1.795;-1.603;-1.293;-0.966;-1.186;0.0;11.7;-35.8;-15.1;201.1;-12.8;-91.8;0.0;60.04;39.46894;-0.34098;69.4;NaN;;11.778;;0 / 28;11413;2021-10-27 16:52:12:815
-2.836;3.154;-3.959;4.118;5.234;-7.197;3.293;6.093;0.701;-1.293;-0.966;-1.186;0.0;8.8;-35.3;-19.0;181.9;-23.6;-147.3;0.0;60.04;39.46894;-0.34098;69.4;NaN;;11.778;;0 / 28;11463;2021-10-27 16:52:12:865
-2.264;-1.773;-1.783;-8.418;3.836;3.261;2.529;10.719;-1.155;-1.293;-0.966;-1.186;0.0;6.7;-34.9;-21.1;147.4;-23.0;68.8;0.0;60.04;39.46894;-0.34098;69.4;NaN;;11.778;;0 / 28;11512;2021-10-27 16:52:12:914
-0.969;0.27;3.449;1.537;2.485;9.361;-0.679;9.852;-9.927;4.403;-5.66;-3.071;0.0;6.3;-34.5;-21.1;198.5;-14.7;-9.3;0.0;60.04;39.46894;-0.34098;69.4;NaN;;11.778;;0 / 28;11563;2021-10-27 16:52:12:965
4.002;16.023;-0.275;9.567;-1.834;-1.106;-7.647;-6.725;-4.23;-2.748;-2.22;0.919;0.0;7.4;-34.8;-19.6;213.8;16.2;-81.6;0.0;62.95;39.46894;-0.34098;69.4;NaN;;11.778;;0 / 28;11613;2021-10-27 16:52:13:015
4.088;26.267;3.597;9.572;-1.417;1.59;-4.72;-14.842;-7.828;-2.644;2.506;1.954;0.0;9.9;-35.5;-16.8;209.3;17.3;-95.4;0.0;62.95;39.46894;-0.34098;69.4;NaN;;11.778;;0 / 28;11663;2021-10-27 16:52:13:065
-0.189;21.461;-6.235;9.625;-0.326;-1.848;-1.775;-14.348;1.253;-1.482;1.189;1.422;7.0;12.7;-36.6;-13.3;204.0;9.4;-89.9;0.0;62.95;39.46894;-0.34098;69.4;NaN;;11.778;;0 / 28;11713;2021-10-27 16:52:13:115
0.146;8.502;-6.508;8.724;-0.019;-4.482;0.755;-8.252;4.251;-0.481;1.143;0.608;7.0;17.2;-36.9;-6.9;177.6;0.1;-117.2;0.0;62.95;39.46894;-0.34098;69.4;NaN;;11.778;;0 / 28;11762;2021-10-27 16:52:13:164
-0.296;-1.735;-6.017;-3.012;0.685;-9.309;0.3;10.995;5.137;0.232;0.869;0.176;7.0;20.0;-36.4;-2.5;151.6;-4.1;-174.7;0.0;62.95;39.46894;-0.34098;69.4;NaN;;11.778;;0 / 28;11812;2021-10-27 16:52:13:214
3.181;-8.48;-2.518;-8.6;-2.614;-3.922;-1.389;13.433;0.096;2.938;0.186;0.126;7.0;22.0;-35.3;3.2;164.7;13.8;124.4;0.0;62.95;39.46894;-0.34098;69.4;NaN;;11.778;;0 / 28;11862;2021-10-27 16:52:13:264
6.376;-0.507;6.481;-1.748;-6.517;7.116;-4.669;12.048;-11.382;7.726;1.663;1.514;7.0;22.9;-35.5;4.2;181.3;19.4;97.7;0.0;58.16;39.46894;-0.34098;69.4;NaN;;11.778;;0 / 28;11913;2021-10-27 16:52:13:315
-0.126;13.244;-2.314;8.021;0.651;-5.607;4.363;-6.912;-6.134;-0.094;6.293;4.855;7.0;22.3;-35.6;1.1;185.6;2.6;-78.4;0.0;58.16;39.46894;-0.34098;69.4;NaN;;11.778;;0 / 28;11963;2021-10-27 16:52:13:365
8.585;16.303;2.281;7.934;-3.318;-4.717;11.013;2.474;10.094;0.574;1.191;-1.368;0.0;22.1;-35.8;-2.5;149.7;-19.6;-167.9;0.0;58.16;39.46894;-0.34098;69.4;NaN;;11.778;;0 / 28;12013;2021-10-27 16:52:13:415
-10.527;22.026;30.743;5.703;-1.566;7.824;7.126;-13.501;-42.081;-1.451;2.36;-3.389;0.0;22.0;-35.5;-5.7;174.1;-13.6;-113.4;0.0;58.16;39.46894;-0.34098;69.4;NaN;;11.778;;0 / 28;12063;2021-10-27 16:52:13:465
-0.347;13.339;-1.213;9.462;0.019;2.591;5.013;-4.885;3.206;-1.451;2.36;-3.389;0.0;22.0;-35.5;-6.4;211.9;9.2;-36.1;0.0;58.16;39.46894;-0.34098;69.4;NaN;;11.778;;0 / 28;12113;2021-10-27 16:52:13:515
1.089;16.248;2.74;9.179;-2.557;-2.327;-2.94;-9.29;6.372;-1.451;2.36;-3.389;0.0;21.5;-35.0;-7.0;183.3;15.1;-104.2;0.0;58.16;39.46894;-0.34098;69.4;NaN;;11.778;;0 / 28;12163;2021-10-27 16:52:13:565
-5.467;12.762;3.908;8.633;3.687;2.844;9.146;-5.188;-7.215;-1.451;2.36;-3.389;0.0;20.4;-34.9;-8.9;202.8;-16.2;-67.9;0.0;58.16;39.46894;-0.34098;69.4;NaN;;11.778;;0 / 28;12213;2021-10-27 16:52:13:615
-0.354;0.497;0.275;-0.397;5.157;8.332;3.499;6.907;-1.715;-1.732;1.495;-1.694;0.0;16.9;-35.3;-13.2;199.4;-14.3;-85.4;0.0;64.48;39.46894;-0.34098;69.4;NaN;;11.778;;0 / 28;12262;2021-10-27 16:52:13:664
-5.201;-0.481;5.491;-0.067;6.685;7.178;3.245;13.018;-1.932;-1.856;1.51;-2.114;0.0;11.9;-37.5;-15.9;216.4;-43.0;0.5;0.0;64.48;39.46894;-0.34098;69.4;NaN;;11.778;;0 / 28;12313;2021-10-27 16:52:13:715
-3.887;-0.088;-0.344;-0.321;9.486;-2.476;5.607;9.119;0.839;-4.897;10.605;2.232;9.0;8.2;-38.7;-16.6;216.5;-50.1;-4.2;0.0;64.48;39.46894;-0.34098;69.4;NaN;;11.778;;0 / 28;12363;2021-10-27 16:52:13:765
-5.754;5.031;-4.054;6.464;5.904;-4.415;7.891;7.258;9.71;-7.977;8.977;2.018;9.0;3.5;-40.9;-13.7;169.3;-61.5;175.9;0.0;64.48;39.46894;-0.34098;69.4;NaN;;11.778;;0 / 28;12413;2021-10-27 16:52:13:815
-2.57;19.496;-14.029;7.776;0.939;-5.899;-1.415;-13.878;23.257;-5.771;10.91;2.393;9.0;0.8;-42.1;-10.9;191.9;-14.7;-122.7;0.0;64.48;39.46894;-0.34098;69.4;NaN;;11.778;;0 / 28;12462;2021-10-27 16:52:13:864
0.21;20.094;-9.155;8.437;1.753;-4.688;-11.528;-20.487;17.276;-3.583;12.841;2.339;9.0;-2.6;-43.3;-5.4;187.8;-10.3;-119.1;0.0;64.48;39.46894;-0.34098;69.4;NaN;;11.778;;0 / 28;12513;2021-10-27 16:52:13:915
-0.263;14.115;-9.495;8.346;0.455;-5.133;-3.812;-7.671;13.893;-2.506;10.553;2.074;9.0;-4.4;-43.3;-2.1;185.3;-8.4;-124.9;0.0;58.18;39.46894;-0.34098;69.4;NaN;;11.778;;0 / 28;12563;2021-10-27 16:52:13:965
1.074;12.164;-9.323;7.7;-0.431;-6.062;-8.583;-8.889;11.337;-1.465;8.005;1.827;9.0;-7.0;-43.3;0.8;184.7;0.5;-128.3;0.0;58.18;39.46894;-0.34098;69.4;NaN;;11.778;;0 / 28;12613;2021-10-27 16:52:14:015
-0.698;4.823;-5.529;6.1;1.015;-7.614;-6.39;0.581;3.188;-0.398;5.236;1.414;9.0;-11.9;-42.1;4.3;186.2;-0.6;-133.4;0.0;58.18;39.46894;-0.34098;69.4;NaN;;11.778;;0 / 28;12662;2021-10-27 16:52:14:064
3.511;-0.102;-2.367;-0.153;-6.991;-6.876;-7.605;6.629;-1.48;0.058;4.453;1.312;0.0;-15.9;-40.9;6.0;192.7;-5.8;-147.6;0.0;58.18;39.46894;-0.34098;69.4;NaN;;11.778;;0 / 28;12713;2021-10-27 16:52:14:115
1.134;0.246;0.703;1.01;-8.284;5.152;-5.463;6.228;-6.074;0.256;4.092;1.401;0.0;-21.2;-38.5;8.3;209.0;45.5;178.7;0.0;58.18;39.46894;-0.34098;69.4;NaN;;11.778;;0 / 28;12762;2021-10-27 16:52:14:164
0.165;-4.389;-1.507;-9.764;-0.757;-0.503;-2.479;11.155;-6.866;1.821;4.503;0.985;0.0;-23.3;-36.8;10.1;214.2;-3.9;156.9;0.0;58.18;39.46894;-0.34098;69.4;NaN;;11.778;;0 / 28;12813;2021-10-27 16:52:14:215
-4.741;23.127;-12.576;8.384;2.389;-4.492;-0.587;-12.017;-4.899;2.928;11.097;-3.433;0.0;-23.6;-36.6;11.6;146.3;26.2;-47.9;0.0;58.18;39.46894;-0.34098;69.4;NaN;;11.778;;0 / 28;12863;2021-10-27 16:52:14:265
-2.788;5.704;-9.701;4.243;2.48;-8.485;-0.878;-11.246;-11.39;-3.787;-8.367;3.656;0.0;-23.0;-36.5;13.6;145.1;-18.1;-66.7;0.0;57.45;39.46894;-0.34098;69.4;NaN;;11.778;;0 / 28;12913;2021-10-27 16:52:14:315
-4.291;15.292;1.89;9.476;2.308;-1.034;2.197;-6.936;-9.464;-2.24;-5.628;2.199;0.0;-22.1;-36.6;15.0;197.1;-20.0;-137.9;0.0;57.45;39.46894;-0.34098;69.4;NaN;;11.778;;0 / 28;12963;2021-10-27 16:52:14:365
-6.177;18.529;-4.394;8.581;3.5;-3.208;3.162;-12.47;-3.212;-1.341;-4.046;1.648;0.0;-21.7;-36.4;15.8;157.0;-13.6;-96.2;0.0;57.45;39.46894;-0.34098;69.4;NaN;;11.778;;0 / 28;13013;2021-10-27 16:52:14:415
-3.465;17.473;-1.089;9.653;1.666;-0.417;1.376;-8.301;-0.757;-0.38;-2.307;0.866;0.0;-20.3;-36.7;15.3;165.3;-14.4;-108.6;0.0;57.45;39.46894;-0.34098;69.4;NaN;;11.778;;0 / 28;13062;2021-10-27 16:52:14:464
-0.94;9.138;-3.633;8.361;1.111;-5.004;-2.191;-2.921;-0.572;-0.613;-2.414;1.076;0.0;-19.9;-37.7;13.1;161.8;-4.0;-96.4;0.0;57.45;39.46894;-0.34098;69.4;NaN;;11.778;;0 / 28;13113;2021-10-27 16:52:14:515
-3.36;0.236;0.756;0.369;9.783;0.622;1.05;8.606;-2.327;0.102;-0.741;0.387;0.0;-19.6;-38.7;12.0;194.9;-13.0;-144.0;0.0;57.45;39.46894;-0.34098;69.4;NaN;;11.778;;0 / 28;13163;2021-10-27 16:52:14:565
-0.155;1.069;-1.886;5.938;-1.053;-7.738;-1.553;8.444;-2.648;-0.07;-0.758;0.342;0.0;-19.9;-39.4;11.3;192.6;6.2;-142.5;0.0;58.56;39.46894;-0.34098;69.4;NaN;;11.778;;0 / 28;13213;2021-10-27 16:52:14:615
5.103;7.712;1.074;8.447;-4.927;0.737;-7.594;1.947;-4.763;-0.283;-0.112;1.242;0.0;-19.6;-39.7;12.1;149.1;40.1;-52.8;0.0;58.56;39.46894;-0.34098;69.4;NaN;;11.778;;0 / 28;13263;2021-10-27 16:52:14:665
-0.289;23.072;2.721;9.692;0.177;1.475;-3.679;-10.531;-1.303;-1.677;-3.803;2.043;0.0;-17.6;-38.4;15.8;162.0;8.6;-91.8;0.0;58.56;39.46894;-0.34098;69.4;NaN;;11.778;;0 / 28;13313;2021-10-27 16:52:14:715
-2.592;19.244;-8.518;8.701;1.317;-4.334;0.378;-10.572;2.984;-1.175;-2.698;1.419;13.0;-15.8;-36.7;19.7;149.8;-1.1;-74.1;0.0;58.56;39.46894;-0.34098;69.4;NaN;;11.778;;0 / 28;13363;2021-10-27 16:52:14:765
-0.519;8.475;-11.365;5.195;0.177;-8.317;2.034;-4.123;10.177;-1.175;-2.698;1.419;13.0;-14.8;-32.3;26.2;178.1;-1.0;-148.0;0.0;58.56;39.46894;-0.34098;69.4;NaN;;11.778;;0 / 28;13413;2021-10-27 16:52:14:815
-2.336;-0.648;-7.384;-0.646;2.27;-9.519;0.917;10.123;6.008;-1.175;-2.698;1.419;13.0;-15.7;-28.9;29.6;206.4;2.6;-178.3;0.0;58.56;39.46894;-0.34098;69.4;NaN;;11.778;;0 / 28;13463;2021-10-27 16:52:14:865
2.238;-5.158;-2.932;-8.145;-3.61;-4.094;-0.843;11.732;0.239;2.696;3.08;-1.969;13.0;-18.5;-24.2;31.4;240.7;-21.9;158.3;0.0;60.43;39.46894;-0.34098;69.4;NaN;;11.778;;0 / 28;13512;2021-10-27 16:52:14:914
2.015;-2.834;-0.189;-7.13;-6.728;-0.268;-4.455;11.259;-5.467;5.719;4.062;-5.561;13.0;-19.7;-23.3;31.4;245.3;24.8;102.0;0.0;60.43;39.46894;-0.34098;69.4;NaN;;11.778;;0 / 28;13562;2021-10-27 16:52:14:964
0.636;8.566;4.136;8.748;-0.029;4.429;-5.082;-0.171;-10.222;6.797;3.26;-5.497;13.0;-19.6;-25.2;29.9;124.9;0.2;-63.1;0.0;60.43;39.46894;-0.34098;69.4;NaN;;11.778;;0 / 28;13612;2021-10-27 16:52:15:014
5.402;0.679;7.537;2.011;-6.33;7.216;-4.547;3.092;-11.424;6.299;8.149;-7.921;13.0;-18.3;-26.5;29.3;320.1;56.8;50.2;0.0;60.43;39.46894;-0.34098;69.4;NaN;;11.778;;0 / 28;13663;2021-10-27 16:52:15:065
-6.436;23.337;12.126;6.665;2.677;6.68;13.953;-12.124;-19.799;-5.239;-10.26;7.034;0.0;-15.7;-28.0;29.5;126.3;-41.8;-52.3;0.0;60.43;39.46894;-0.34098;69.4;NaN;;11.778;;0 / 28;13713;2021-10-27 16:52:15:115
1.926;15.438;0.275;9.754;-1.01;0.0;-6.161;-11.451;-8.115;-3.096;-6.275;5.691;0.0;-14.3;-28.3;29.2;147.5;3.9;-117.2;0.0;60.43;39.46894;-0.34098;69.4;NaN;;11.778;;0 / 28;13763;2021-10-27 16:52:15:165
-4.811;18.347;-5.23;9.06;2.557;-2.753;-1.091;-18.839;-3.874;-2.5;-5.032;4.633;0.0;-13.8;-29.9;28.5;134.5;-15.1;-106.9;0.0;60.43;39.46894;-0.34098;69.4;NaN;;11.778;;0 / 28;13813;2021-10-27 16:52:15:215
-0.679;12.09;-3.781;9.572;1.221;-1.757;-3.796;-5.462;-0.76;-1.203;-3.181;3.569;0.0;-14.5;-31.0;26.6;143.2;-6.7;-107.9;0.0;61.82;39.46894;-0.34098;69.4;NaN;;11.778;;0 / 28;13863;2021-10-27 16:52:15:265
-1.084;3.348;-4.662;6.196;2.155;-7.288;-2.438;3.36;-3.419;-0.961;-2.42;2.686;0.0;-15.7;-32.1;25.1;137.0;-20.8;-102.5;0.0;61.82;39.46894;-0.34098;69.4;NaN;;11.778;;0 / 28;13912;2021-10-27 16:52:15:314
-3.353;0.236;1.038;0.522;9.366;-2.863;-0.149;7.522;-6.168;-0.289;-0.207;0.734;0.0;-17.9;-32.4;22.1;190.8;-10.8;-153.6;0.0;61.82;39.46894;-0.34098;69.4;NaN;;11.778;;0 / 28;13963;2021-10-27 16:52:15:365
0.983;-0.253;3.454;0.096;-3.903;8.997;-1.997;8.645;-5.331;-0.26;0.43;-0.523;13.0;-19.4;-32.6;20.4;312.1;-72.7;-169.7;0.0;61.82;39.46894;-0.34098;69.4;NaN;;11.778;;0 / 28;14013;2021-10-27 16:52:15:415
4.126;8.483;-0.938;9.069;-3.405;-1.513;-7.466;0.794;-2.994;-0.738;-0.235;-0.72;13.0;-20.4;-32.8;20.0;151.6;30.6;-88.1;0.0;61.82;39.46894;-0.34098;69.4;NaN;;11.778;;0 / 28;14063;2021-10-27 16:52:15:465
2.408;21.198;0.885;9.725;-1.144;0.536;-3.857;-11.293;-2.667;-0.738;-0.235;-0.72;13.0;-21.2;-32.0;21.4;146.4;1.3;-88.5;0.0;61.82;39.46894;-0.34098;69.4;NaN;;11.778;;0 / 28;14113;2021-10-27 16:52:15:515
-1.718;31.22;-9.466;9.28;0.575;-3.117;-0.511;-21.617;6.785;-1.476;-1.927;2.295;13.0;-21.2;-30.1;23.2;143.5;4.4;-84.4;0.0;61.82;39.46894;-0.34098;69.4;NaN;;11.778;;0 / 28;14163;2021-10-27 16:52:15:565
-0.904;6.812;-12.284;5.382;0.613;-8.179;-0.461;-5.341;11.472;-0.827;-1.107;1.912;13.0;-21.8;-25.9;26.2;189.7;-3.6;-146.7;0.0;62.05;39.46894;-0.34098;69.4;NaN;;11.778;;0 / 28;14213;2021-10-27 16:52:15:615
1.014;-0.045;-7.621;-0.757;-1.595;-9.649;-2.106;9.372;5.87;1.195;1.618;0.026;13.0;-21.7;-22.8;27.9;219.9;2.5;-176.6;0.0;62.05;39.46894;-0.34098;69.4;NaN;;11.778;;0 / 28;14263;2021-10-27 16:52:15:665
1.575;-5.27;-2.089;-8.571;-2.84;-3.826;-2.52;12.09;-0.1;2.296;2.758;-1.127;13.0;-22.1;-19.4;29.1;235.3;19.4;149.2;0.0;62.05;39.46894;-0.34098;69.4;NaN;;11.778;;0 / 28;14312;2021-10-27 16:52:15:714
1.821;-1.192;4.109;-6.608;-4.362;5.789;-4.836;11.585;-6.97;6.143;4.06;-6.323;0.0;-21.4;-18.8;28.6;254.1;25.0;92.9;0.0;62.05;39.46894;-0.34098;69.4;NaN;;11.778;;0 / 28;14363;2021-10-27 16:52:15:765
1.421;12.916;5.864;9.256;-0.594;3.189;-7.736;-4.392;-14.458;8.542;5.256;-7.671;0.0;-18.8;-20.8;27.3;124.2;3.5;-71.0;0.0;62.05;39.46894;-0.34098;69.4;NaN;;11.778;;0 / 28;14413;2021-10-27 16:52:15:815
-2.254;-4.011;13.246;0.096;3.405;-9.194;5.704;5.205;21.776;1.721;2.429;-0.132;0.0;-16.5;-22.3;26.3;293.1;-38.8;-156.3;0.0;62.05;39.46894;-0.34098;69.4;NaN;;11.778;;0 / 28;14463;2021-10-27 16:52:15:865
-9.861;18.395;-10.819;6.761;2.322;-6.713;-13.179;-6.308;-4.681;-3.896;-4.084;3.619;0.0;-12.7;-23.3;25.9;111.3;36.5;-33.2;0.0;61.39;39.46894;-0.34098;69.4;NaN;;11.778;;0 / 28;14513;2021-10-27 16:52:15:915
0.483;15.123;-6.328;9.213;-0.8;-3.275;-3.365;-8.068;2.181;-1.114;-2.273;1.306;0.0;-11.3;-24.2;25.2;140.4;3.5;-108.7;0.0;61.39;39.46894;-0.34098;69.4;NaN;;11.778;;0 / 28;14563;2021-10-27 16:52:15:965
-5.249;21.976;-0.119;9.519;2.356;-0.101;2.081;-10.181;-1.185;-0.814;-2.037;1.157;0.0;-10.1;-24.6;24.1;142.0;4.7;-109.6;0.0;61.39;39.46894;-0.34098;69.4;NaN;;11.778;;0 / 28;14612;2021-10-27 16:52:16:014
-0.05;12.147;-2.673;9.74;-0.958;-0.637;-0.858;-2.682;1.76;-0.136;-0.829;0.019;0.0;-10.8;-26.9;20.6;146.1;-2.8;-104.5;0.0;61.39;39.46894;-0.34098;69.4;NaN;;11.778;;0 / 28;14663;2021-10-27 16:52:16:065
-3.533;2.199;-3.461;3.347;6.244;-6.78;2.7;5.002;0.892;-0.136;-0.829;0.019;0.0;-12.2;-28.0;17.4;140.1;-29.9;-109.1;0.0;61.39;39.46894;-0.34098;69.4;NaN;;11.778;;0 / 28;14713;2021-10-27 16:52:16:115
-3.779;2.163;-0.023;4.736;8.576;0.407;0.616;5.513;1.173;0.105;1.03;-1.1;0.0;-13.9;-28.9;16.3;206.7;-39.5;-153.7;0.0;61.39;39.46894;-0.34098;69.4;NaN;;11.778;;0 / 28;14763;2021-10-27 16:52:16:165
3.181;-1.148;-0.591;-2.954;-9.074;-2.279;-4.272;10.149;-2.748;0.099;1.299;-1.233;0.0;-15.8;-29.2;17.1;249.0;67.6;127.6;0.0;61.39;39.46894;-0.34098;69.4;NaN;;11.778;;0 / 28;14813;2021-10-27 16:52:16:215
2.939;8.672;1.182;9.117;-3.203;1.686;-4.94;7.869;-4.191;-1.279;-1.65;1.448;0.0;-16.7;-29.1;18.7;135.0;38.6;-57.2;0.0;64.25;39.46894;-0.34098;69.4;NaN;;11.778;;0 / 28;14863;2021-10-27 16:52:16:265
1.151;19.97;1.089;9.759;-0.455;0.838;-2.479;-11.08;-0.722;-1.195;-1.832;1.913;0.0;-18.4;-27.5;21.5;146.1;1.2;-90.8;0.0;64.25;39.46894;-0.34098;69.4;NaN;;11.778;;0 / 28;14913;2021-10-27 16:52:16:315
-2.051;26.72;-7.463;9.366;0.666;-2.83;1.383;-17.331;5.498;-0.078;-0.011;0.912;0.0;-18.9;-26.1;23.6;138.0;-0.4;-86.4;0.0;64.25;39.46894;-0.34098;69.4;NaN;;11.778;;0 / 28;14963;2021-10-27 16:52:16:365
-0.947;10.125;-13.433;6.546;0.46;-7.288;1.104;-7.491;12.334;0.639;0.778;0.313;68.0;-20.3;-22.8;25.6;173.4;-2.7;-138.1;0.0;64.25;39.46894;-0.34098;69.4;NaN;;11.778;;0 / 28;15012;2021-10-27 16:52:16:414
-0.093;-1.871;-6.9;-0.445;-1.164;-9.73;-2.194;7.591;10.624;1.324;1.359;-0.095;68.0;-21.3;-20.3;26.3;224.2;6.8;177.4;0.0;64.25;39.46894;-0.34098;69.4;NaN;;11.778;;0 / 28;15063;2021-10-27 16:52:16:465
3.083;-6.407;-2.273;-8.499;-3.472;-3.452;-0.705;12.872;0.813;2.673;2.977;-1.333;68.0;-23.1;-17.8;26.0;243.0;-5.9;149.2;0.0;64.25;39.46894;-0.34098;69.4;NaN;;11.778;;0 / 28;15113;2021-10-27 16:52:16:515
2.992;-4.085;2.475;-1.915;-4.946;8.25;-5.541;12.473;-7.483;6.395;4.913;-6.815;68.0;-23.7;-17.9;26.0;264.5;33.4;93.2;0.0;59.66;39.46894;-0.34098;69.4;NaN;;11.778;;0 / 28;15163;2021-10-27 16:52:16:565
1.651;10.113;5.208;9.553;0.551;2.145;-6.426;-2.987;-13.603;9.254;4.473;-7.541;68.0;-22.7;-19.4;25.7;90.5;30.3;13.1;0.0;59.66;39.46894;-0.34098;69.4;NaN;;11.778;;0 / 28;15212;2021-10-27 16:52:16:614
-1.493;-10.469;11.044;-8.222;3.912;-3.649;3.698;8.065;18.715;-10.36;-7.131;8.566;68.0;-19.5;-22.5;25.4;272.6;-36.7;-159.1;0.0;59.66;39.46894;-0.34098;69.4;NaN;;11.778;;0 / 28;15262;2021-10-27 16:52:16:664
-14.258;30.88;30.09;6.632;4.022;6.0;-11.287;-16.925;16.268;-2.513;-2.956;6.249;68.0;-15.9;-24.6;26.4;153.8;37.1;-113.3;0.0;59.66;39.46894;-0.34098;69.4;NaN;;11.778;;0 / 28;15313;2021-10-27 16:52:16:715
-0.469;9.402;-3.612;9.476;-0.201;-2.509;-2.213;-1.329;-2.208;-4.161;-3.519;2.451;0.0;-14.3;-25.3;26.9;128.7;-9.9;-86.3;0.0;59.66;39.46894;-0.34098;69.4;NaN;;11.778;;0 / 28;15363;2021-10-27 16:52:16:765
-6.841;23.4;-2.233;9.251;2.801;-1.642;3.487;-14.68;-3.284;-2.22;-2.583;1.491;0.0;-13.1;-27.7;26.4;133.2;-16.6;-100.1;0.0;59.66;39.46894;-0.34098;69.4;NaN;;11.778;;0 / 28;15413;2021-10-27 16:52:16:815
1.45;13.588;-2.436;9.539;-1.508;-1.709;-4.296;-4.481;-0.4;-1.044;-1.543;0.746;0.0;-13.0;-29.7;24.8;141.1;-9.2;-102.5;0.0;63.37;39.46894;-0.34098;69.4;NaN;;11.778;;0 / 28;15463;2021-10-27 16:52:16:865
-3.858;2.058;-4.059;5.397;5.78;-5.799;1.994;3.423;-0.295;-0.419;-0.885;0.454;0.0;-13.4;-32.3;21.2;137.3;-26.3;-103.4;0.0;63.37;39.46894;-0.34098;69.4;NaN;;11.778;;0 / 28;15513;2021-10-27 16:52:16:915
-3.454;2.838;1.0;6.0;7.341;2.504;1.286;6.443;-3.624;-0.336;-0.342;-0.187;0.0;-14.1;-33.3;19.1;220.8;-43.9;-160.2;0.0;63.37;39.46894;-0.34098;69.4;NaN;;11.778;;0 / 28;15563;2021-10-27 16:52:16:965
2.994;0.478;0.617;0.407;-7.901;5.799;-4.45;8.234;-1.904;-0.281;0.359;-0.297;0.0;-15.2;-34.4;18.0;111.9;53.7;-4.0;0.0;63.37;39.46894;-0.34098;69.4;NaN;;11.778;;0 / 28;15613;2021-10-27 16:52:17:015
4.368;5.502;0.993;7.939;-5.669;0.991;-5.81;8.282;-3.542;-0.713;0.356;-0.665;0.0;-15.6;-34.4;19.1;140.1;47.2;-66.8;0.0;63.37;39.46894;-0.34098;69.4;NaN;;11.778;;0 / 28;15663;2021-10-27 16:52:17:065
1.062;18.117;1.105;9.787;-0.498;0.431;-1.785;-9.335;-2.613;-1.543;-2.642;2.056;41.0;-16.9;-32.6;23.3;144.6;0.3;-84.3;0.0;63.37;39.46894;-0.34098;69.4;NaN;;11.778;;0 / 28;15713;2021-10-27 16:52:17:115
0.016;26.454;-3.468;9.692;-0.081;-1.489;-0.312;-12.393;-1.264;-0.441;-0.77;1.136;41.0;-18.5;-29.8;27.5;139.9;-1.3;-87.6;0.0;63.37;39.46894;-0.34098;69.4;NaN;;11.778;;0 / 28;15762;2021-10-27 16:52:17:164
1.668;13.287;-11.668;7.757;-0.733;-5.952;0.141;-12.443;8.822;0.342;0.292;0.466;41.0;-23.5;-24.0;31.9;158.1;4.3;-127.5;0.0;57.64;39.46894;-0.34098;69.4;NaN;;11.778;;0 / 28;15812;2021-10-27 16:52:17:214
-1.766;-1.005;-7.788;-0.168;0.91;-9.764;-1.95;6.417;10.877;1.034;0.795;0.153;41.0;-27.4;-20.4;33.2;238.5;-5.3;179.0;0.0;57.64;39.46894;-0.34098;69.4;NaN;;11.778;;0 / 28;15863;2021-10-27 16:52:17:265
1.196;-4.555;-1.12;-9.165;-2.844;-2.011;0.184;12.441;-0.051;2.247;2.022;-0.697;41.0;-32.8;-17.5;30.8;252.8;-23.9;143.0;0.0;57.64;39.46894;-0.34098;69.4;NaN;;11.778;;0 / 28;15913;2021-10-27 16:52:17:315
2.384;-5.96;1.019;-8.662;-3.807;2.586;-4.257;15.117;-5.227;6.224;5.131;-6.823;41.0;-34.1;-18.2;27.7;262.9;26.6;107.9;0.0;57.64;39.46894;-0.34098;69.4;NaN;;11.778;;0 / 28;15963;2021-10-27 16:52:17:365
-0.296;11.63;5.684;8.337;1.413;-3.165;-0.963;-9.219;-4.138;6.224;5.131;-6.823;0.0;-31.8;-21.8;23.1;121.9;2.5;-58.3;0.0;57.64;39.46894;-0.34098;69.4;NaN;;11.778;;0 / 28;16013;2021-10-27 16:52:17:415
-7.499;-0.16;-34.702;-0.464;2.327;-9.519;4.517;4.756;27.053;1.706;3.278;-1.113;0.0;-28.5;-24.4;21.4;335.5;-49.3;-134.1;0.0;57.64;39.46894;-0.34098;69.4;NaN;;11.778;;0 / 28;16062;2021-10-27 16:52:17:464
-12.284;19.304;-1.072;7.336;2.021;6.187;-2.976;-11.633;4.267;-7.799;-4.531;6.177;0.0;-22.8;-26.2;21.4;144.5;43.3;-82.1;0.0;59.86;39.46894;-0.34098;69.4;NaN;;11.778;;0 / 28;16113;2021-10-27 16:52:17:515
1.026;10.95;-2.005;9.697;-0.527;-1.36;-2.836;-2.473;-2.596;-2.874;-1.565;1.364;0.0;-20.3;-27.0;21.4;167.3;7.1;-122.1;0.0;59.86;39.46894;-0.34098;69.4;NaN;;11.778;;0 / 28;16163;2021-10-27 16:52:17:565
-4.342;22.995;-3.08;9.51;1.963;-1.384;1.457;-11.119;-3.726;-1.571;-1.017;1.099;0.0;-18.4;-28.6;21.2;143.1;-11.5;-98.3;0.0;59.86;39.46894;-0.34098;69.4;NaN;;11.778;;0 / 28;16212;2021-10-27 16:52:17:614
-2.805;13.296;-4.832;9.127;1.59;-3.227;2.939;-7.499;1.276;-1.022;-0.819;0.568;0.0;-18.2;-30.3;19.5;149.6;-14.7;-107.7;0.0;59.86;39.46894;-0.34098;69.4;NaN;;11.778;;0 / 28;16262;2021-10-27 16:52:17:664
-3.54;4.263;-2.75;8.078;4.353;-3.462;0.958;0.278;0.239;-0.265;-0.17;0.21;0.0;-18.4;-31.9;17.3;153.4;-10.7;-102.3;0.0;59.86;39.46894;-0.34098;69.4;NaN;;11.778;;0 / 28;16313;2021-10-27 16:52:17:715
-2.704;2.087;-0.114;5.751;7.575;2.394;0.732;7.54;-1.977;-0.181;0.218;-0.386;51.0;-18.8;-32.5;15.5;243.9;-47.7;176.7;0.0;59.86;39.46894;-0.34098;69.4;NaN;;11.778;;0 / 28;16363;2021-10-27 16:52:17:765
1.371;-0.009;0.761;2.337;-7.882;5.349;-1.51;7.241;-2.792;-0.073;0.906;-1.094;51.0;-19.5;-32.8;14.2;123.9;53.5;-23.6;0.0;59.86;39.46894;-0.34098;69.4;NaN;;11.778;;0 / 28;16412;2021-10-27 16:52:17:814
2.874;2.649;2.664;7.762;-4.228;4.252;-5.737;7.196;-4.823;-1.391;-0.563;-0.804;51.0;-20.0;-32.9;14.0;127.3;44.7;-14.2;0.0;64.47;39.46894;-0.34098;69.4;NaN;;11.778;;0 / 28;16462;2021-10-27 16:52:17:864
0.832;18.127;-1.986;9.768;-0.163;-0.881;-4.487;-7.13;0.696;-1.621;-2.744;2.26;51.0;-20.2;-32.8;14.9;160.2;7.6;-96.0;0.0;64.47;39.46894;-0.34098;69.4;NaN;;11.778;;0 / 28;16513;2021-10-27 16:52:17:915
-1.235;24.046;-3.913;9.706;0.546;-1.274;-0.256;-12.278;0.375;-0.474;-0.963;1.566;51.0;-20.9;-31.8;18.2;151.9;1.3;-89.0;0.0;64.47;39.46894;-0.34098;69.4;NaN;;11.778;;0 / 28;16563;2021-10-27 16:52:17:965
-0.823;21.087;-7.958;8.83;0.034;-4.266;-0.233;-10.292;7.45;0.456;0.845;0.413;51.0;-21.4;-29.2;23.0;150.6;-3.1;-107.8;0.0;64.47;39.46894;-0.34098;69.4;NaN;;11.778;;0 / 28;16613;2021-10-27 16:52:18:015
0.028;1.953;-10.201;2.121;-0.484;-9.562;-1.966;6.546;10.099;0.456;0.845;0.413;51.0;-22.1;-27.3;25.9;195.4;9.6;-154.8;0.0;64.47;39.46894;-0.34098;69.4;NaN;;11.778;;0 / 28;16663;2021-10-27 16:52:18:065
0.308;-0.473;-4.454;0.522;0.996;-9.744;0.36;9.139;4.11;0.456;0.845;0.413;100.0;-23.3;-25.4;27.7;230.9;-15.2;-173.8;0.0;64.47;39.46894;-0.34098;69.4;NaN;;11.778;;0 / 28;16713;2021-10-27 16:52:18:115
4.571;-8.231;-1.912;-9.27;-3.093;-0.852;-4.988;16.919;-2.344;0.456;0.845;0.413;100.0;-24.5;-23.5;27.9;231.2;16.6;154.0;0.0;57.04;39.46894;-0.34098;69.4;NaN;;11.778;;0 / 28;16763;2021-10-27 16:52:18:165
3.98;4.322;7.226;4.985;-3.931;7.475;-6.299;3.465;-13.412;6.884;5.007;-6.09;100.0;-24.7;-24.2;27.8;242.5;18.4;95.3;0.0;57.04;39.46894;-0.34098;69.4;NaN;;11.778;;0 / 28;16812;2021-10-27 16:52:18:214
-4.559;1.84;-11.671;1.101;3.213;-9.203;3.36;1.747;-5.598;6.11;7.015;-6.956;100.0;-22.7;-26.7;27.1;34.7;-56.2;-124.3;0.0;57.04;39.46894;-0.34098;69.4;NaN;;11.778;;0 / 28;16863;2021-10-27 16:52:18:265
3.346;20.444;-8.138;8.653;-0.038;-4.611;-15.337;-7.809;-18.414;-7.481;-8.743;6.315;100.0;-20.6;-28.0;27.9;134.8;12.1;-1.6;0.0;57.04;39.46894;-0.34098;69.4;NaN;;11.778;;0 / 28;16913;2021-10-27 16:52:18:315
-3.212;12.482;-1.498;6.962;-1.13;-6.814;-1.7;-16.173;-25.034;-2.931;-4.403;3.141;100.0;-17.6;-29.2;28.7;126.4;-26.9;-58.1;0.0;57.04;39.46894;-0.34098;69.4;NaN;;11.778;;0 / 28;16963;2021-10-27 16:52:18:365
-1.33;15.9;-2.182;8.82;0.302;-4.281;-3.023;-5.774;3.072;-2.129;-3.475;2.844;0.0;-16.1;-29.2;28.9;131.1;-6.6;-80.1;0.0;57.04;39.46894;-0.34098;69.4;NaN;;11.778;;0 / 28;17012;2021-10-27 16:52:18:414
-3.494;15.269;-3.889;9.261;2.265;-2.308;2.288;-14.165;-2.414;-1.278;-2.598;1.528;0.0;-15.4;-30.7;27.5;138.3;-13.4;-104.0;0.0;57.04;39.46894;-0.34098;69.4;NaN;;11.778;;0 / 28;17062;2021-10-27 16:52:18:464
-2.649;10.213;-2.812;9.653;1.729;0.139;-0.093;-1.92;0.867;-0.423;-1.589;1.272;0.0;-15.0;-31.9;25.7;148.0;-9.0;-114.8;0.0;62.05;39.46894;-0.34098;69.4;NaN;;11.778;;0 / 28;17113;2021-10-27 16:52:18:515
-2.424;1.972;-1.833;5.353;5.425;-6.172;-0.601;6.242;0.357;-0.431;-1.148;0.578;0.0;-15.7;-33.9;23.2;146.0;-5.5;-100.3;0.0;62.05;39.46894;-0.34098;69.4;NaN;;11.778;;0 / 28;17163;2021-10-27 16:52:18:565
-5.883;1.244;0.157;1.997;9.596;0.354;3.499;7.834;-3.279;-0.104;0.003;-0.536;0.0;-15.9;-34.9;21.5;57.9;-80.6;-96.5;0.0;62.05;39.46894;-0.34098;69.4;NaN;;11.778;;0 / 28;17213;2021-10-27 16:52:18:615
2.865;0.119;3.389;0.699;-7.082;6.747;-5.316;9.411;-6.342;-1.079;-0.421;-2.041;0.0;-16.7;-35.6;20.0;155.6;21.7;15.2;0.0;62.05;39.46894;-0.34098;69.4;NaN;;11.778;;0 / 28;17263;2021-10-27 16:52:18:665
4.76;8.114;-1.108;8.519;-4.602;-1.566;-8.508;5.001;-2.639;-1.937;-1.333;-1.321;0.0;-16.3;-35.5;20.6;145.9;49.9;-80.9;0.0;62.05;39.46894;-0.34098;69.4;NaN;;11.778;;0 / 28;17313;2021-10-27 16:52:18:715
2.563;19.709;1.019;9.72;-0.584;1.164;-4.192;-9.575;-3.133;-1.937;-1.333;-1.321;97.0;-16.3;-34.4;22.2;152.9;10.9;-95.7;0.0;62.05;39.46894;-0.34098;69.4;NaN;;11.778;;0 / 28;17363;2021-10-27 16:52:18:765
-2.221;21.382;-5.026;9.452;1.068;-2.385;-1.565;-12.065;2.933;-1.937;-1.333;-1.321;97.0;-16.5;-33.1;24.6;144.5;3.4;-83.2;0.0;62.07;39.46894;-0.34098;69.4;NaN;;11.778;;0 / 28;17413;2021-10-27 16:52:18:815
0.873;20.061;-7.659;8.921;-0.316;-4.065;-1.299;-12.647;6.879;0.531;0.065;1.01;97.0;-17.4;-29.3;28.7;143.0;1.1;-108.4;0.0;62.07;39.46894;-0.34098;69.4;NaN;;11.778;;0 / 28;17463;2021-10-27 16:52:18:865
0.655;3.659;-8.277;4.669;-0.694;-8.595;-0.724;3.7;9.011;1.094;0.669;0.501;97.0;-18.2;-26.2;31.2;165.8;0.6;-139.1;0.0;62.07;39.46894;-0.34098;69.4;NaN;;11.778;;0 / 28;17512;2021-10-27 16:52:18:914
-0.878;-0.983;-4.222;-4.903;2.26;-8.188;-0.171;11.047;2.155;1.815;1.544;-0.101;97.0;-20.4;-22.3;33.5;193.0;0.9;-156.9;0.0;62.07;39.46894;-0.34098;69.4;NaN;;11.778;;0 / 28;17562;2021-10-27 16:52:18:964
3.319;-1.625;0.725;-9.05;-2.811;-2.528;-2.111;14.065;-1.603;3.351;4.567;-3.098;97.0;-22.7;-21.2;33.8;242.0;-5.9;139.1;0.0;62.07;39.46894;-0.34098;69.4;NaN;;11.778;;0 / 28;17612;2021-10-27 16:52:19:014
-0.177;8.495;0.825;9.72;0.034;-1.293;-2.234;-1.16;-8.731;4.032;5.99;-5.133;97.0;-24.9;-22.0;33.8;116.2;11.4;-47.7;0.0;62.07;39.46894;-0.34098;69.4;NaN;;11.778;;0 / 28;17663;2021-10-27 16:52:19:065
-1.22;6.788;-9.818;4.779;2.423;-8.212;2.631;0.841;-5.634;-0.978;-2.423;3.791;0.0;-26.0;-23.8;34.2;115.6;-14.3;-94.7;0.0;62.07;39.46894;-0.34098;69.4;NaN;;11.778;;0 / 28;17713;2021-10-27 16:52:19:115
-5.467;18.206;-8.281;9.395;-0.077;-2.816;-3.041;0.373;-23.087;-2.615;-2.993;1.544;0.0;-26.3;-23.8;35.6;149.4;20.7;-114.3;0.0;59.84;39.46894;-0.34098;69.4;NaN;;11.778;;0 / 28;17762;2021-10-27 16:52:19:164
-1.192;12.782;-0.339;9.797;-0.235;-0.326;1.72;-0.419;-1.282;-1.433;-1.969;0.76;0.0;-27.8;-23.5;36.4;117.4;-6.4;-68.0;0.0;59.84;39.46894;-0.34098;69.4;NaN;;11.778;;0 / 28;17812;2021-10-27 16:52:19:214
-3.549;10.251;-9.385;9.06;1.69;-3.357;2.998;-0.65;12.073;-0.307;-0.962;0.703;0.0;-30.2;-24.1;36.5;175.8;-11.1;-138.9;0.0;59.84;39.46894;-0.34098;69.4;NaN;;11.778;;0 / 28;17863;2021-10-27 16:52:19:265
2.424;15.821;4.184;9.539;-1.317;1.863;-2.817;-5.821;-1.643;0.113;-0.476;0.508;0.0;-30.9;-27.1;33.3;133.5;7.1;-95.8;0.0;59.84;39.46894;-0.34098;69.4;NaN;;11.778;;0 / 28;17913;2021-10-27 16:52:19:315
-1.766;6.831;8.693;6.388;2.212;7.106;0.281;1.817;-7.703;-0.511;-0.707;0.705;0.0;-30.3;-29.8;31.1;127.5;5.2;-71.9;0.0;59.84;39.46894;-0.34098;69.4;NaN;;11.778;;0 / 28;17963;2021-10-27 16:52:19:365
-0.361;3.509;-19.915;1.456;-0.163;-9.697;5.145;2.732;-8.714;-0.511;-0.707;0.705;24.0;-29.3;-31.9;28.7;125.9;-13.0;-42.0;0.0;59.84;39.46894;-0.34098;69.4;NaN;;11.778;;0 / 28;18012;2021-10-27 16:52:19:414
-2.144;1.086;12.276;3.711;2.409;8.753;1.436;8.245;-13.985;-0.511;-0.707;0.705;24.0;-28.9;-32.8;25.7;137.7;-11.7;-10.3;0.0;64.32;39.46894;-0.34098;69.4;NaN;;11.778;;0 / 28;18062;2021-10-27 16:52:19:464
-1.886;5.103;0.555;7.915;3.409;-4.678;1.168;5.236;-0.474;-0.782;0.293;-0.841;24.0;-28.5;-33.1;24.3;169.1;-15.5;-123.2;0.0;64.32;39.46894;-0.34098;69.4;NaN;;11.778;;0 / 28;18112;2021-10-27 16:52:19:514
1.132;11.314;-1.105;9.658;-0.474;-1.628;-1.544;-2.841;0.366;1.105;1.812;-0.898;24.0;-28.1;-32.7;23.2;148.3;8.1;-90.8;0.0;64.32;39.46894;-0.34098;69.4;NaN;;11.778;;0 / 28;18163;2021-10-27 16:52:19:565
5.979;19.931;-0.241;9.294;-3.069;-0.637;-3.344;-3.213;-5.052;-1.711;-0.762;0.26;24.0;-27.5;-31.9;22.7;140.9;11.9;-76.0;0.0;64.32;39.46894;-0.34098;69.4;NaN;;11.778;;0 / 28;18212;2021-10-27 16:52:19:614
3.135;14.488;3.396;9.199;-2.399;2.423;-3.074;-4.459;-3.244;-0.538;-0.579;1.079;24.0;-27.5;-30.9;23.1;153.0;7.5;-100.5;0.0;64.32;39.46894;-0.34098;69.4;NaN;;11.778;;0 / 28;18263;2021-10-27 16:52:19:665
7.566;14.795;-8.088;8.016;-3.452;-4.477;-6.112;-3.992;4.557;-0.248;-0.623;1.273;24.0;-27.1;-29.2;23.9;162.2;20.8;-109.3;0.0;64.32;39.46894;-0.34098;69.4;NaN;;11.778;;0 / 28;18313;2021-10-27 16:52:19:715
0.069;12.959;-0.596;9.802;0.0;-0.326;-0.119;-3.425;0.015;-0.114;-0.526;1.135;67.0;-26.0;-28.9;24.5;137.2;-3.8;-87.4;0.0;64.32;39.46894;-0.34098;69.4;NaN;;11.778;;0 / 28;18363;2021-10-27 16:52:19:765
1.613;12.863;0.447;9.74;-1.034;-0.488;-0.822;-2.912;-4.002;-0.298;-0.365;0.584;67.0;-24.5;-29.1;25.1;143.0;6.1;-92.9;0.0;63.51;39.46894;-0.34098;69.4;NaN;;11.778;;0 / 28;18413;2021-10-27 16:52:19:815
2.719;7.724;-3.19;8.279;-2.878;-4.401;-1.928;1.484;-2.363;-0.323;-0.33;0.189;67.0;-23.8;-29.2;25.1;138.9;20.4;-78.4;0.0;63.51;39.46894;-0.34098;69.4;NaN;;11.778;;0 / 28;18463;2021-10-27 16:52:19:865
-4.176;6.821;-0.047;8.988;3.816;0.915;-0.023;2.284;4.853;0.11;-0.273;0.232;67.0;-22.3;-29.7;24.2;153.9;-2.7;-112.3;0.0;63.51;39.46894;-0.34098;69.4;NaN;;11.778;;0 / 28;18512;2021-10-27 16:52:19:914
-2.348;11.326;0.16;9.505;2.011;-1.346;3.406;-1.628;-0.725;0.596;0.331;-0.421;67.0;-21.2;-30.1;22.7;148.5;-10.4;-110.3;0.0;63.51;39.46894;-0.34098;69.4;NaN;;11.778;;0 / 28;18563;2021-10-27 16:52:19:965
-1.656;10.816;0.706;9.376;2.624;1.192;3.508;-0.862;-2.27;0.36;0.344;-0.748;67.0;-19.4;-32.5;18.9;179.4;-0.7;-134.3;0.0;63.51;39.46894;-0.34098;69.4;NaN;;11.778;;0 / 28;18613;2021-10-27 16:52:20:015
1.957;6.982;2.635;9.165;-3.203;1.379;-1.491;3.301;-5.662;-0.354;0.258;-1.418;67.0;-18.8;-34.3;14.8;150.5;9.4;-71.8;0.0;63.51;39.46894;-0.34098;69.4;NaN;;11.778;;0 / 28;18663;2021-10-27 16:52:20:065
0.605;5.617;2.92;8.95;-0.967;3.883;-0.788;4.666;-4.4;-1.608;-0.366;-0.802;88.0;-17.9;-36.5;6.7;151.7;5.5;-46.9;5.0;62.19;39.46894;-0.34098;69.4;NaN;;11.778;;0 / 28;18712;2021-10-27 16:52:20:114
0.636;4.502;1.184;8.203;0.393;5.358;-1.222;5.031;0.007;-1.506;-0.683;0.171;88.0;-17.2;-37.4;1.2;168.5;2.7;-77.9;5.0;62.19;39.46894;-0.34098;69.4;NaN;;11.778;;0 / 28;18763;2021-10-27 16:52:20:165
2.24;2.101;13.009;1.494;3.184;9.155;1.631;7.417;-4.163;-2.603;-0.939;-0.136;88.0;-15.2;-37.7;-6.1;157.4;-18.9;-9.3;5.0;62.19;39.46894;-0.34098;69.4;NaN;;11.778;;0 / 28;18812;2021-10-27 16:52:20:214
0.44;1.455;11.317;1.427;-0.345;9.697;-0.796;8.94;2.755;-3.255;-0.74;-0.537;88.0;-13.1;-37.5;-10.0;163.0;2.0;-8.4;5.0;62.19;39.46894;-0.34098;69.4;NaN;;11.778;;0 / 28;18863;2021-10-27 16:52:20:265
1.232;3.36;8.794;3.179;-0.536;9.266;-1.493;5.265;-4.764;-3.951;-0.933;-0.769;88.0;-11.8;-36.4;-15.1;169.8;4.8;-18.7;0.0;62.19;39.46894;-0.34098;69.4;NaN;;11.778;;0 / 28;18912;2021-10-27 16:52:20:314
0.165;2.589;8.241;3.069;-0.35;9.309;-1.294;4.044;-1.554;-3.469;-1.076;-0.673;88.0;-11.8;-35.5;-16.6;172.1;0.0;-22.4;0.0;62.19;39.46894;-0.34098;69.4;NaN;;11.778;;0 / 28;18962;2021-10-27 16:52:20:364
0.45;2.925;7.985;3.486;-0.326;9.16;-0.636;3.155;-0.476;-2.513;-1.164;-0.601;713.0;-13.1;-34.3;-18.3;168.7;6.7;-16.8;0.0;62.19;39.46894;-0.34098;69.4;NaN;;11.778;;0 / 28;19013;2021-10-27 16:52:20:415
-1.644;3.997;8.911;4.061;1.642;8.772;1.35;1.742;-1.071;-1.508;-0.625;-0.295;713.0;-14.1;-33.5;-18.6;168.9;-8.0;-21.6;0.0;58.71;39.46894;-0.34098;69.4;NaN;;11.778;;0 / 28;19063;2021-10-27 16:52:20:465
3.059;4.03;8.822;3.965;-2.849;8.504;-2.305;1.669;0.17;-1.16;-0.373;-0.098;713.0;-15.3;-33.0;-18.8;170.7;10.5;-23.8;5.0;58.71;39.46894;-0.34098;69.4;NaN;;11.778;;0 / 28;19113;2021-10-27 16:52:20:515
1.914;4.322;8.449;4.396;-1.604;8.619;-1.187;0.531;-0.495;-0.694;-0.288;0.116;713.0;-16.4;-32.8;-18.3;169.5;11.2;-24.1;5.0;58.71;39.46894;-0.34098;69.4;NaN;;11.778;;0 / 28;19163;2021-10-27 16:52:20:565
2.173;3.999;9.375;3.864;-1.829;8.825;-1.524;0.674;-0.72;-0.467;-0.643;0.169;713.0;-17.9;-32.4;-17.8;164.7;13.7;-21.8;5.0;58.71;39.46894;-0.34098;69.4;NaN;;11.778;;0 / 28;19212;2021-10-27 16:52:20:614
1.081;4.349;8.827;4.295;-1.082;8.748;-0.26;0.127;-0.168;-0.379;-0.752;0.224;713.0;-18.6;-32.2;-17.1;165.1;5.5;-27.2;5.0;58.71;39.46894;-0.34098;69.4;NaN;;11.778;;0 / 28;19263;2021-10-27 16:52:20:665
1.407;4.567;8.246;4.678;-1.484;8.49;-0.255;-0.295;-0.173;-0.158;-0.318;0.462;713.0;-18.9;-32.4;-16.6;165.7;6.6;-28.0;5.0;58.71;39.46894;-0.34098;69.4;NaN;;11.778;;0 / 28;19312;2021-10-27 16:52:20:714
1.359;4.377;10.113;3.845;-1.097;8.954;-0.303;0.005;-1.308;-0.023;-0.033;0.527;667.0;-19.1;-32.2;-16.3;163.4;8.5;-25.1;5.0;37.45;39.46894;-0.34098;69.4;NaN;;11.778;;0 / 28;19363;2021-10-27 16:52:20:765
2.984;3.499;6.738;4.085;-3.505;8.198;0.008;0.493;1.814;0.016;0.11;0.552;667.0;-19.4;-32.5;-16.3;165.5;20.9;-26.5;5.0;37.45;39.46894;-0.34098;69.4;NaN;;11.778;;0 / 28;19413;2021-10-27 16:52:20:815